Image Path,Label
/content/drive/MyDrive/IBeer.ai/beerClassification/Carlsberg Beer/22f91cba-5a65-4306-a215-71951196eff0.jpeg,Carlsberg Beer
/content/drive/MyDrive/IBeer.ai/beerClassification/Carlsberg Beer/Carlsberg Premium.jpeg,Carlsberg Beer
/content/drive/MyDrive/IBeer.ai/beerClassification/Carlsberg Beer/Duo beer.jpeg,Carlsberg Beer
/content/drive/MyDrive/IBeer.ai/beerClassification/Carlsberg Beer/_.jpeg,Carlsberg Beer
/content/drive/MyDrive/IBeer.ai/beerClassification/Carlsberg Beer/Beer üç∫.jpeg,Carlsberg Beer
/content/drive/MyDrive/IBeer.ai/beerClassification/Carlsberg Beer/Empty Beer Can CARLSBERG Pilsner Premium 500 ml_ Ukraine 2024 Bottom open! üá∫üá¶  _ eBay.jpeg,Carlsberg Beer
/content/drive/MyDrive/IBeer.ai/beerClassification/Carlsberg Beer/_ (1).jpeg,Carlsberg Beer
/content/drive/MyDrive/IBeer.ai/beerClassification/Carlsberg Beer/_ (2).jpeg,Carlsberg Beer
/content/drive/MyDrive/IBeer.ai/beerClassification/Carlsberg Beer/_ (3).jpeg,Carlsberg Beer
/content/drive/MyDrive/IBeer.ai/beerClassification/Carlsberg Beer/Carlsberg.jpeg,Carlsberg Beer
/content/drive/MyDrive/IBeer.ai/beerClassification/Carlsberg Beer/El blog cervecero de Mr_Beer-Gt.jpeg,Carlsberg Beer
/content/drive/MyDrive/IBeer.ai/beerClassification/Carlsberg Beer/_ (4).jpeg,Carlsberg Beer
/content/drive/MyDrive/IBeer.ai/beerClassification/Carlsberg Beer/_ (5).jpeg,Carlsberg Beer
/content/drive/MyDrive/IBeer.ai/beerClassification/Carlsberg Beer/nice big beer.jpeg,Carlsberg Beer
/content/drive/MyDrive/IBeer.ai/beerClassification/Carlsberg Beer/Beer - Carlsberg Advertising.jpeg,Carlsberg Beer
/content/drive/MyDrive/IBeer.ai/beerClassification/Carlsberg Beer/Carlsberg (1).jpeg,Carlsberg Beer
/content/drive/MyDrive/IBeer.ai/beerClassification/Carlsberg Beer/cold beer.jpeg,Carlsberg Beer
/content/drive/MyDrive/IBeer.ai/beerClassification/Carlsberg Beer/Carlsberg (2).jpeg,Carlsberg Beer
/content/drive/MyDrive/IBeer.ai/beerClassification/Carlsberg Beer/_ (6).jpeg,Carlsberg Beer
/content/drive/MyDrive/IBeer.ai/beerClassification/Carlsberg Beer/_ (7).jpeg,Carlsberg Beer
/content/drive/MyDrive/IBeer.ai/beerClassification/Carlsberg Beer/Carlsberg Major Global Rebrand.jpeg,Carlsberg Beer
/content/drive/MyDrive/IBeer.ai/beerClassification/Carlsberg Beer/The 12 best beers in India to drink in 2020.jpeg,Carlsberg Beer
/content/drive/MyDrive/IBeer.ai/beerClassification/Carlsberg Beer/Carlsberg Premium Pilsner.jpeg,Carlsberg Beer
/content/drive/MyDrive/IBeer.ai/beerClassification/Carlsberg Beer/_ (8).jpeg,Carlsberg Beer
/content/drive/MyDrive/IBeer.ai/beerClassification/Carlsberg Beer/_ (9).jpeg,Carlsberg Beer
/content/drive/MyDrive/IBeer.ai/beerClassification/Carlsberg Beer/_ (10).jpeg,Carlsberg Beer
/content/drive/MyDrive/IBeer.ai/beerClassification/Carlsberg Beer/carlsberg-fullsize_jpg by Mikael Eidenberg.jpeg,Carlsberg Beer
/content/drive/MyDrive/IBeer.ai/beerClassification/Carlsberg Beer/SnapPack Carlsberg.jpeg,Carlsberg Beer
"/content/drive/MyDrive/IBeer.ai/beerClassification/Carlsberg Beer/Carlsberg beer editorial photo_ Image of beer, luxury - 18731001.jpeg",Carlsberg Beer
"/content/drive/MyDrive/IBeer.ai/beerClassification/Carlsberg Beer/My favorite beer, Carlsberg.jpeg",Carlsberg Beer
/content/drive/MyDrive/IBeer.ai/beerClassification/Carlsberg Beer/download.jpeg,Carlsberg Beer
/content/drive/MyDrive/IBeer.ai/beerClassification/Carlsberg Beer/Carlsberg Bespoke Cut-Out Tab.jpeg,Carlsberg Beer
/content/drive/MyDrive/IBeer.ai/beerClassification/Carlsberg Beer/Carlsberg (3).jpeg,Carlsberg Beer
/content/drive/MyDrive/IBeer.ai/beerClassification/Carlsberg Beer/Packaging Innovation_ Gluing Six-Pack Cans of Beer Together  - Core77.jpeg,Carlsberg Beer
/content/drive/MyDrive/IBeer.ai/beerClassification/Carlsberg Beer/download (1).jpeg,Carlsberg Beer
/content/drive/MyDrive/IBeer.ai/beerClassification/Carlsberg Beer/The Beer Store.jpeg,Carlsberg Beer
/content/drive/MyDrive/IBeer.ai/beerClassification/Carlsberg Beer/Carlsberg (4).jpeg,Carlsberg Beer
/content/drive/MyDrive/IBeer.ai/beerClassification/Carlsberg Beer/Carlsberg (5).jpeg,Carlsberg Beer
/content/drive/MyDrive/IBeer.ai/beerClassification/Carlsberg Beer/Carlsberg UK joins National Association of Cider Makers.jpeg,Carlsberg Beer
"/content/drive/MyDrive/IBeer.ai/beerClassification/Carlsberg Beer/Carlsberg can editorial photography_ Image of drink, danish - 15625712.jpeg",Carlsberg Beer
/content/drive/MyDrive/IBeer.ai/beerClassification/Carlsberg Beer/Carlsberg limited edition Christmas packaging_ Designed by Taxi Studio.jpeg,Carlsberg Beer
/content/drive/MyDrive/IBeer.ai/beerClassification/Carlsberg Beer/Bia Carlsberg 4_8% - Lon 330ml - ThuÃÄng 24 Lon.jpeg,Carlsberg Beer
/content/drive/MyDrive/IBeer.ai/beerClassification/Carlsberg Beer/Carlsberg buys huge UK soft drink firm for ¬£3_3BILLION as Brits shun booze.jpeg,Carlsberg Beer
/content/drive/MyDrive/IBeer.ai/beerClassification/Carlsberg Beer/How Carlsberg has ‚Äúgrown up‚Äù and ditched its ‚Äúladdish‚Äù persona.jpeg,Carlsberg Beer
/content/drive/MyDrive/IBeer.ai/beerClassification/Carlsberg Beer/Empty Beer Can CARLSBERG Alcohol Free 330 ml_ Ukraine 2024 Bottom Open! üá∫üá¶  _ eBay.jpeg,Carlsberg Beer
/content/drive/MyDrive/IBeer.ai/beerClassification/Carlsberg Beer/_ (11).jpeg,Carlsberg Beer
/content/drive/MyDrive/IBeer.ai/beerClassification/Carlsberg Beer/Carlsberg Danish Pilsner Beer - 4pk_16_9 fl oz Cans.jpeg,Carlsberg Beer
/content/drive/MyDrive/IBeer.ai/beerClassification/Carlsberg Beer/Carlsberg Elephant Beer.jpeg,Carlsberg Beer
/content/drive/MyDrive/IBeer.ai/beerClassification/Carlsberg Beer/Carlsberg Lager.jpeg,Carlsberg Beer
/content/drive/MyDrive/IBeer.ai/beerClassification/Carlsberg Beer/_ (12).jpeg,Carlsberg Beer
/content/drive/MyDrive/IBeer.ai/beerClassification/Carlsberg Beer/Carlsberg beer 4-pack.jpeg,Carlsberg Beer
/content/drive/MyDrive/IBeer.ai/beerClassification/Carlsberg Beer/Carlsberg (6).jpeg,Carlsberg Beer
/content/drive/MyDrive/IBeer.ai/beerClassification/Carlsberg Beer/Cheers.jpeg,Carlsberg Beer
/content/drive/MyDrive/IBeer.ai/beerClassification/Carlsberg Beer/Carlsberg - 3d model.jpeg,Carlsberg Beer
/content/drive/MyDrive/IBeer.ai/beerClassification/Carlsberg Beer/Non alcohol Carlsberg during dinner_ We're making sure there's something non alcohol to drink for everyone _).jpeg,Carlsberg Beer
/content/drive/MyDrive/IBeer.ai/beerClassification/Carlsberg Beer/Carlsberg (7).jpeg,Carlsberg Beer
/content/drive/MyDrive/IBeer.ai/beerClassification/Carlsberg Beer/_ (13).jpeg,Carlsberg Beer
/content/drive/MyDrive/IBeer.ai/beerClassification/Carlsberg Beer/Carlsberg probing India operations for 'fraud'.jpeg,Carlsberg Beer
/content/drive/MyDrive/IBeer.ai/beerClassification/Carlsberg Beer/_ (14).jpeg,Carlsberg Beer
/content/drive/MyDrive/IBeer.ai/beerClassification/Carlsberg Beer/_ (15).jpeg,Carlsberg Beer
/content/drive/MyDrive/IBeer.ai/beerClassification/Carlsberg Beer/_ (16).jpeg,Carlsberg Beer
/content/drive/MyDrive/IBeer.ai/beerClassification/Carlsberg Beer/_ (17).jpeg,Carlsberg Beer
/content/drive/MyDrive/IBeer.ai/beerClassification/Carlsberg Beer/_ (18).jpeg,Carlsberg Beer
/content/drive/MyDrive/IBeer.ai/beerClassification/Carlsberg Beer/_ (19).jpeg,Carlsberg Beer
/content/drive/MyDrive/IBeer.ai/beerClassification/Carlsberg Beer/_ (20).jpeg,Carlsberg Beer
/content/drive/MyDrive/IBeer.ai/beerClassification/Carlsberg Beer/_ (21).jpeg,Carlsberg Beer
/content/drive/MyDrive/IBeer.ai/beerClassification/Carlsberg Beer/_ (22).jpeg,Carlsberg Beer
/content/drive/MyDrive/IBeer.ai/beerClassification/Carlsberg Beer/_ (23).jpeg,Carlsberg Beer
/content/drive/MyDrive/IBeer.ai/beerClassification/Carlsberg Beer/Carlsberg (8).jpeg,Carlsberg Beer
/content/drive/MyDrive/IBeer.ai/beerClassification/Carlsberg Beer/Carlsberg develops cardboard beer bottles.jpeg,Carlsberg Beer
/content/drive/MyDrive/IBeer.ai/beerClassification/Carlsberg Beer/Product and advertising photography.jpeg,Carlsberg Beer
/content/drive/MyDrive/IBeer.ai/beerClassification/Carlsberg Beer/Carlsberg - Premium Beer.jpeg,Carlsberg Beer
/content/drive/MyDrive/IBeer.ai/beerClassification/Carlsberg Beer/Bia Carlsberg 5% - Lon 500ml - ThuÃÄng 24 Lon.jpeg,Carlsberg Beer
/content/drive/MyDrive/IBeer.ai/beerClassification/Carlsberg Beer/60 creativos y originales anuncios publicitarios de cervezas de todo el mundo.jpeg,Carlsberg Beer
/content/drive/MyDrive/IBeer.ai/beerClassification/Carlsberg Beer/Carlsberg‚Äôs clean new can design by Kontrapunkt.jpeg,Carlsberg Beer
/content/drive/MyDrive/IBeer.ai/beerClassification/Carlsberg Beer/_ (24).jpeg,Carlsberg Beer
/content/drive/MyDrive/IBeer.ai/beerClassification/Carlsberg Beer/‚ÄòProbably not the best beer in the world - so we've changed it‚Äô_ Carlsberg challenges drinkers to reappraise its beer.jpeg,Carlsberg Beer
/content/drive/MyDrive/IBeer.ai/beerClassification/Carlsberg Beer/carlsberg packshot.jpeg,Carlsberg Beer
/content/drive/MyDrive/IBeer.ai/beerClassification/Carlsberg Beer/Manualheartbeatcraft - Etsy.jpeg,Carlsberg Beer
"/content/drive/MyDrive/IBeer.ai/beerClassification/Carlsberg Beer/Carlsberg_ As shown in their advertisement, my husband has a closet of Carlsberg next to mine - Cookiemilo, Singapore.jpeg",Carlsberg Beer
/content/drive/MyDrive/IBeer.ai/beerClassification/Carlsberg Beer/Carlsberg_.jpeg,Carlsberg Beer
/content/drive/MyDrive/IBeer.ai/beerClassification/Carlsberg Beer/carlsberg (9).jpeg,Carlsberg Beer
/content/drive/MyDrive/IBeer.ai/beerClassification/Carlsberg Beer/Carlsberg Pilsner ‚òÖ‚òÖ‚òÜ‚òÜ‚òÜ.jpeg,Carlsberg Beer
/content/drive/MyDrive/IBeer.ai/beerClassification/Carlsberg Beer/Carlsberg beer.jpeg,Carlsberg Beer
/content/drive/MyDrive/IBeer.ai/beerClassification/Carlsberg Beer/Beer.jpeg,Carlsberg Beer
/content/drive/MyDrive/IBeer.ai/beerClassification/Carlsberg Beer/_ copy.jpeg,Carlsberg Beer
/content/drive/MyDrive/IBeer.ai/beerClassification/Carlsberg Beer/Beer (1).jpeg,Carlsberg Beer
/content/drive/MyDrive/IBeer.ai/beerClassification/Carlsberg Beer/#Carlsberg.jpeg,Carlsberg Beer
/content/drive/MyDrive/IBeer.ai/beerClassification/Corona Beer/Corona Beer Metal Signs 12_ Round.jpeg,Corona Beer
/content/drive/MyDrive/IBeer.ai/beerClassification/Corona Beer/Corona Extra Light Beer_.jpeg,Corona Beer
/content/drive/MyDrive/IBeer.ai/beerClassification/Corona Beer/_.jpeg,Corona Beer
/content/drive/MyDrive/IBeer.ai/beerClassification/Corona Beer/_ (1).jpeg,Corona Beer
/content/drive/MyDrive/IBeer.ai/beerClassification/Corona Beer/_ (2).jpeg,Corona Beer
"/content/drive/MyDrive/IBeer.ai/beerClassification/Corona Beer/Bucket of Corona Extra Beer Bottles Editorial Stock Photo - Image of extra, import_ 104783268.jpeg",Corona Beer
/content/drive/MyDrive/IBeer.ai/beerClassification/Corona Beer/_ (3).jpeg,Corona Beer
/content/drive/MyDrive/IBeer.ai/beerClassification/Corona Beer/Mexican Beer _ Aztec Mexican Food & Liquor _ Wolesale Food.jpeg,Corona Beer
/content/drive/MyDrive/IBeer.ai/beerClassification/Corona Beer/_ (4).jpeg,Corona Beer
/content/drive/MyDrive/IBeer.ai/beerClassification/Corona Beer/Corona Extra Lager Mexican Beer At Hy-Vee.jpeg,Corona Beer
"/content/drive/MyDrive/IBeer.ai/beerClassification/Corona Beer/Corona Shirts, Bikinis & Merchandise.jpeg",Corona Beer
/content/drive/MyDrive/IBeer.ai/beerClassification/Corona Beer/_ (5).jpeg,Corona Beer
/content/drive/MyDrive/IBeer.ai/beerClassification/Corona Beer/Corona USA.jpeg,Corona Beer
/content/drive/MyDrive/IBeer.ai/beerClassification/Corona Beer/_ (6).jpeg,Corona Beer
/content/drive/MyDrive/IBeer.ai/beerClassification/Corona Beer/Corona Cerveza with Lime.jpeg,Corona Beer
/content/drive/MyDrive/IBeer.ai/beerClassification/Corona Beer/FotografiÃÅa Producto.jpeg,Corona Beer
/content/drive/MyDrive/IBeer.ai/beerClassification/Corona Beer/_ (7).jpeg,Corona Beer
/content/drive/MyDrive/IBeer.ai/beerClassification/Corona Beer/#TimeForCorona.jpeg,Corona Beer
/content/drive/MyDrive/IBeer.ai/beerClassification/Corona Beer/Recall Alert_ Some Packs of Corona Beer Might Contain Glass Particles.jpeg,Corona Beer
/content/drive/MyDrive/IBeer.ai/beerClassification/Corona Beer/Beer - Corona.jpeg,Corona Beer
/content/drive/MyDrive/IBeer.ai/beerClassification/Corona Beer/Recall Alert_ Some Packs of Corona Beer Might Contain Glass Particles (1).jpeg,Corona Beer
/content/drive/MyDrive/IBeer.ai/beerClassification/Corona Beer/Cinco de Mayo Bar Cart - JOHNSTON STYLE.jpeg,Corona Beer
/content/drive/MyDrive/IBeer.ai/beerClassification/Corona Beer/_ (8).jpeg,Corona Beer
/content/drive/MyDrive/IBeer.ai/beerClassification/Corona Beer/üç∫üåÖ.jpeg,Corona Beer
/content/drive/MyDrive/IBeer.ai/beerClassification/Corona Beer/wallpapers Ringtones and Wallpapers - Free by ZEDGE‚Ñ¢.jpeg,Corona Beer
/content/drive/MyDrive/IBeer.ai/beerClassification/Corona Beer/_ (9).jpeg,Corona Beer
/content/drive/MyDrive/IBeer.ai/beerClassification/Corona Beer/The perfect day.jpeg,Corona Beer
/content/drive/MyDrive/IBeer.ai/beerClassification/Corona Beer/_ (10).jpeg,Corona Beer
/content/drive/MyDrive/IBeer.ai/beerClassification/Corona Beer/beer.jpeg,Corona Beer
/content/drive/MyDrive/IBeer.ai/beerClassification/Corona Beer/The Neuromarketing Merits of ‚ÄúIcing‚Äù.jpeg,Corona Beer
/content/drive/MyDrive/IBeer.ai/beerClassification/Corona Beer/_ (11).jpeg,Corona Beer
/content/drive/MyDrive/IBeer.ai/beerClassification/Corona Beer/Estupidamente gelada.jpeg,Corona Beer
/content/drive/MyDrive/IBeer.ai/beerClassification/Corona Beer/_ (12).jpeg,Corona Beer
/content/drive/MyDrive/IBeer.ai/beerClassification/Corona Beer/_ (13).jpeg,Corona Beer
/content/drive/MyDrive/IBeer.ai/beerClassification/Corona Beer/_ (14).jpeg,Corona Beer
/content/drive/MyDrive/IBeer.ai/beerClassification/Corona Beer/Coronaüçª.jpeg,Corona Beer
/content/drive/MyDrive/IBeer.ai/beerClassification/Corona Beer/Corona üç∫.jpeg,Corona Beer
/content/drive/MyDrive/IBeer.ai/beerClassification/Corona Beer/Cheers.jpeg,Corona Beer
/content/drive/MyDrive/IBeer.ai/beerClassification/Corona Beer/Corona ‚ù§Ô∏è.jpeg,Corona Beer
/content/drive/MyDrive/IBeer.ai/beerClassification/Corona Beer/_ (15).jpeg,Corona Beer
/content/drive/MyDrive/IBeer.ai/beerClassification/Corona Beer/_ (16).jpeg,Corona Beer
/content/drive/MyDrive/IBeer.ai/beerClassification/Corona Beer/_ (17).jpeg,Corona Beer
/content/drive/MyDrive/IBeer.ai/beerClassification/Corona Beer/corona and beach.jpeg,Corona Beer
/content/drive/MyDrive/IBeer.ai/beerClassification/Corona Beer/ffecaf37-c172-49de-b0d4-b19abe2c3ea8.jpeg,Corona Beer
/content/drive/MyDrive/IBeer.ai/beerClassification/Corona Beer/escobar.jpeg,Corona Beer
/content/drive/MyDrive/IBeer.ai/beerClassification/Corona Beer/#cerveja #limao.jpeg,Corona Beer
/content/drive/MyDrive/IBeer.ai/beerClassification/Corona Beer/_ (18).jpeg,Corona Beer
/content/drive/MyDrive/IBeer.ai/beerClassification/Corona Beer/_ (19).jpeg,Corona Beer
/content/drive/MyDrive/IBeer.ai/beerClassification/Corona Beer/soÃÅ pra comemorar_.jpeg,Corona Beer
/content/drive/MyDrive/IBeer.ai/beerClassification/Corona Beer/_ (20).jpeg,Corona Beer
/content/drive/MyDrive/IBeer.ai/beerClassification/Corona Beer/_ (21).jpeg,Corona Beer
/content/drive/MyDrive/IBeer.ai/beerClassification/Corona Beer/Una corona friÃÅa.jpeg,Corona Beer
/content/drive/MyDrive/IBeer.ai/beerClassification/Corona Beer/_ (22).jpeg,Corona Beer
/content/drive/MyDrive/IBeer.ai/beerClassification/Corona Beer/_ (23).jpeg,Corona Beer
/content/drive/MyDrive/IBeer.ai/beerClassification/Corona Beer/_ (24).jpeg,Corona Beer
/content/drive/MyDrive/IBeer.ai/beerClassification/Corona Beer/_ (25).jpeg,Corona Beer
/content/drive/MyDrive/IBeer.ai/beerClassification/Corona Beer/_ (26).jpeg,Corona Beer
/content/drive/MyDrive/IBeer.ai/beerClassification/Corona Beer/Corona beer.jpeg,Corona Beer
/content/drive/MyDrive/IBeer.ai/beerClassification/Corona Beer/corona beer (1).jpeg,Corona Beer
/content/drive/MyDrive/IBeer.ai/beerClassification/Corona Beer/Summer nights_.jpeg,Corona Beer
/content/drive/MyDrive/IBeer.ai/beerClassification/Corona Beer/Margot & Olivia _ Count Your Lucky Stars by Alexandria Bellefleur.jpeg,Corona Beer
/content/drive/MyDrive/IBeer.ai/beerClassification/Corona Beer/_ (27).jpeg,Corona Beer
/content/drive/MyDrive/IBeer.ai/beerClassification/Corona Beer/#lacoronaquetefalta.jpeg,Corona Beer
/content/drive/MyDrive/IBeer.ai/beerClassification/Corona Beer/beer Lemon.jpeg,Corona Beer
/content/drive/MyDrive/IBeer.ai/beerClassification/Corona Beer/Rhett Eaton.jpeg,Corona Beer
/content/drive/MyDrive/IBeer.ai/beerClassification/Corona Beer/Corona e a melhor.jpeg,Corona Beer
/content/drive/MyDrive/IBeer.ai/beerClassification/Corona Beer/_ (28).jpeg,Corona Beer
/content/drive/MyDrive/IBeer.ai/beerClassification/Corona Beer/_ (29).jpeg,Corona Beer
/content/drive/MyDrive/IBeer.ai/beerClassification/Corona Beer/_ (30).jpeg,Corona Beer
/content/drive/MyDrive/IBeer.ai/beerClassification/Corona Beer/_ (31).jpeg,Corona Beer
/content/drive/MyDrive/IBeer.ai/beerClassification/Corona Beer/_ (32).jpeg,Corona Beer
/content/drive/MyDrive/IBeer.ai/beerClassification/Corona Beer/_ (33).jpeg,Corona Beer
/content/drive/MyDrive/IBeer.ai/beerClassification/Corona Beer/_ (34).jpeg,Corona Beer
/content/drive/MyDrive/IBeer.ai/beerClassification/Corona Beer/üçª.jpeg,Corona Beer
/content/drive/MyDrive/IBeer.ai/beerClassification/Corona Beer/üíõ.jpeg,Corona Beer
/content/drive/MyDrive/IBeer.ai/beerClassification/Corona Beer/_ (35).jpeg,Corona Beer
/content/drive/MyDrive/IBeer.ai/beerClassification/Corona Beer/_ (36).jpeg,Corona Beer
/content/drive/MyDrive/IBeer.ai/beerClassification/Corona Beer/_ (37).jpeg,Corona Beer
/content/drive/MyDrive/IBeer.ai/beerClassification/Corona Beer/Catch you hermanos in a minute.jpeg,Corona Beer
/content/drive/MyDrive/IBeer.ai/beerClassification/Corona Beer/_ (38).jpeg,Corona Beer
/content/drive/MyDrive/IBeer.ai/beerClassification/Corona Beer/Corona.jpeg,Corona Beer
/content/drive/MyDrive/IBeer.ai/beerClassification/Corona Beer/üëë.jpeg,Corona Beer
/content/drive/MyDrive/IBeer.ai/beerClassification/Corona Beer/Fylp.jpeg,Corona Beer
/content/drive/MyDrive/IBeer.ai/beerClassification/Corona Beer/ü§Øü•µ.jpeg,Corona Beer
/content/drive/MyDrive/IBeer.ai/beerClassification/Corona Beer/b99296f4-9f00-47e2-8968-5c440346a65c.jpeg,Corona Beer
/content/drive/MyDrive/IBeer.ai/beerClassification/Corona Beer/365 security solution (securitycamny) - Profile _ Pinterest.jpeg,Corona Beer
/content/drive/MyDrive/IBeer.ai/beerClassification/Corona Beer/corona extra.jpeg,Corona Beer
/content/drive/MyDrive/IBeer.ai/beerClassification/Corona Beer/_ (39).jpeg,Corona Beer
/content/drive/MyDrive/IBeer.ai/beerClassification/Corona Beer/_ (40).jpeg,Corona Beer
/content/drive/MyDrive/IBeer.ai/beerClassification/Corona Beer/Yummy too cold.jpeg,Corona Beer
/content/drive/MyDrive/IBeer.ai/beerClassification/Corona Beer/_ (41).jpeg,Corona Beer
"/content/drive/MyDrive/IBeer.ai/beerClassification/Corona Beer/Download premium psd _ image of Corona Extra beer in a glass bottle_ JANUARY 29, 2020 - BANGKOK, THAILAND by Jira about corona beer, beer, beer mockup, bottle mockup, and bar logo mockup 2355822.jpeg",Corona Beer
/content/drive/MyDrive/IBeer.ai/beerClassification/Kingfisher Beer/_.jpeg,Kingfisher Beer
/content/drive/MyDrive/IBeer.ai/beerClassification/Kingfisher Beer/Beer can.jpeg,Kingfisher Beer
/content/drive/MyDrive/IBeer.ai/beerClassification/Kingfisher Beer/_ (1).jpeg,Kingfisher Beer
/content/drive/MyDrive/IBeer.ai/beerClassification/Kingfisher Beer/@_Babai.jpeg,Kingfisher Beer
/content/drive/MyDrive/IBeer.ai/beerClassification/Kingfisher Beer/KF Strong üßä.jpeg,Kingfisher Beer
/content/drive/MyDrive/IBeer.ai/beerClassification/Kingfisher Beer/Me or friendsüòã‚úåÔ∏èüëÄüôäüç∫üçæüíï(_.jpeg,Kingfisher Beer
/content/drive/MyDrive/IBeer.ai/beerClassification/Kingfisher Beer/_ (2).jpeg,Kingfisher Beer
/content/drive/MyDrive/IBeer.ai/beerClassification/Kingfisher Beer/üç∫üçªbeerüçª.jpeg,Kingfisher Beer
/content/drive/MyDrive/IBeer.ai/beerClassification/Kingfisher Beer/Beer in hand.jpeg,Kingfisher Beer
/content/drive/MyDrive/IBeer.ai/beerClassification/Kingfisher Beer/_ (3).jpeg,Kingfisher Beer
/content/drive/MyDrive/IBeer.ai/beerClassification/Kingfisher Beer/My photography.jpeg,Kingfisher Beer
/content/drive/MyDrive/IBeer.ai/beerClassification/Kingfisher Beer/Mood.jpeg,Kingfisher Beer
/content/drive/MyDrive/IBeer.ai/beerClassification/Kingfisher Beer/_ (4).jpeg,Kingfisher Beer
/content/drive/MyDrive/IBeer.ai/beerClassification/Kingfisher Beer/KINGFISHER.jpeg,Kingfisher Beer
/content/drive/MyDrive/IBeer.ai/beerClassification/Kingfisher Beer/kingfisher (1).jpeg,Kingfisher Beer
/content/drive/MyDrive/IBeer.ai/beerClassification/Kingfisher Beer/_ (5).jpeg,Kingfisher Beer
/content/drive/MyDrive/IBeer.ai/beerClassification/Kingfisher Beer/_ (6).jpeg,Kingfisher Beer
/content/drive/MyDrive/IBeer.ai/beerClassification/Kingfisher Beer/_ (7).jpeg,Kingfisher Beer
/content/drive/MyDrive/IBeer.ai/beerClassification/Kingfisher Beer/kingfreshar.jpeg,Kingfisher Beer
/content/drive/MyDrive/IBeer.ai/beerClassification/Kingfisher Beer/_ (8).jpeg,Kingfisher Beer
/content/drive/MyDrive/IBeer.ai/beerClassification/Kingfisher Beer/_ (9).jpeg,Kingfisher Beer
/content/drive/MyDrive/IBeer.ai/beerClassification/Kingfisher Beer/beer üç∫.jpeg,Kingfisher Beer
/content/drive/MyDrive/IBeer.ai/beerClassification/Kingfisher Beer/all i want ‚ô•Ô∏è.jpeg,Kingfisher Beer
/content/drive/MyDrive/IBeer.ai/beerClassification/Kingfisher Beer/_ (10).jpeg,Kingfisher Beer
/content/drive/MyDrive/IBeer.ai/beerClassification/Kingfisher Beer/Beer.jpeg,Kingfisher Beer
/content/drive/MyDrive/IBeer.ai/beerClassification/Kingfisher Beer/hi.jpeg,Kingfisher Beer
/content/drive/MyDrive/IBeer.ai/beerClassification/Kingfisher Beer/Booze.jpeg,Kingfisher Beer
/content/drive/MyDrive/IBeer.ai/beerClassification/Kingfisher Beer/King fisher lover.jpeg,Kingfisher Beer
/content/drive/MyDrive/IBeer.ai/beerClassification/Kingfisher Beer/Photography by enterbabu.jpeg,Kingfisher Beer
/content/drive/MyDrive/IBeer.ai/beerClassification/Kingfisher Beer/Beer (1).jpeg,Kingfisher Beer
/content/drive/MyDrive/IBeer.ai/beerClassification/Kingfisher Beer/üçª.jpeg,Kingfisher Beer
/content/drive/MyDrive/IBeer.ai/beerClassification/Kingfisher Beer/_ (11).jpeg,Kingfisher Beer
/content/drive/MyDrive/IBeer.ai/beerClassification/Kingfisher Beer/ü•¥.jpeg,Kingfisher Beer
/content/drive/MyDrive/IBeer.ai/beerClassification/Kingfisher Beer/DELüìç.jpeg,Kingfisher Beer
/content/drive/MyDrive/IBeer.ai/beerClassification/Kingfisher Beer/Kingfisher Beer - The Ultimate Wingman for Epic Adventures!.jpeg,Kingfisher Beer
/content/drive/MyDrive/IBeer.ai/beerClassification/Kingfisher Beer/Kingfisher Strong.jpeg,Kingfisher Beer
/content/drive/MyDrive/IBeer.ai/beerClassification/Kingfisher Beer/kingfisher beer.jpeg,Kingfisher Beer
/content/drive/MyDrive/IBeer.ai/beerClassification/Kingfisher Beer/Kingfisher üçª.jpeg,Kingfisher Beer
/content/drive/MyDrive/IBeer.ai/beerClassification/Kingfisher Beer/Kingfisher party beer.jpeg,Kingfisher Beer
/content/drive/MyDrive/IBeer.ai/beerClassification/Kingfisher Beer/ü•Ç.jpeg,Kingfisher Beer
/content/drive/MyDrive/IBeer.ai/beerClassification/Kingfisher Beer/kingfisher ‚ô•Ô∏è‚ú®.jpeg,Kingfisher Beer
/content/drive/MyDrive/IBeer.ai/beerClassification/Kingfisher Beer/_ (12).jpeg,Kingfisher Beer
/content/drive/MyDrive/IBeer.ai/beerClassification/Kingfisher Beer/Kingfisher üç∫.jpeg,Kingfisher Beer
/content/drive/MyDrive/IBeer.ai/beerClassification/Kingfisher Beer/Kingfisherüç∫‚ù§Ô∏è.jpeg,Kingfisher Beer
/content/drive/MyDrive/IBeer.ai/beerClassification/Kingfisher Beer/Kingfisher (2).jpeg,Kingfisher Beer
/content/drive/MyDrive/IBeer.ai/beerClassification/Kingfisher Beer/beer üçª.jpeg,Kingfisher Beer
/content/drive/MyDrive/IBeer.ai/beerClassification/Kingfisher Beer/___.jpeg,Kingfisher Beer
/content/drive/MyDrive/IBeer.ai/beerClassification/Kingfisher Beer/Kingfisher ‚ù§Ô∏è.jpeg,Kingfisher Beer
/content/drive/MyDrive/IBeer.ai/beerClassification/Kingfisher Beer/Cheers.jpeg,Kingfisher Beer
/content/drive/MyDrive/IBeer.ai/beerClassification/Kingfisher Beer/King of Bottle ‚ÄòKingfisher‚Äô.jpeg,Kingfisher Beer
/content/drive/MyDrive/IBeer.ai/beerClassification/Kingfisher Beer/fresh natural with kingfisher üßñ.jpeg,Kingfisher Beer
/content/drive/MyDrive/IBeer.ai/beerClassification/Kingfisher Beer/#kingfisherbeer photography.jpeg,Kingfisher Beer
/content/drive/MyDrive/IBeer.ai/beerClassification/Kingfisher Beer/_ (13).jpeg,Kingfisher Beer
/content/drive/MyDrive/IBeer.ai/beerClassification/Kingfisher Beer/Kingfisher Beer üçª.jpeg,Kingfisher Beer
/content/drive/MyDrive/IBeer.ai/beerClassification/Kingfisher Beer/KINGFISHER (3).jpeg,Kingfisher Beer
/content/drive/MyDrive/IBeer.ai/beerClassification/Kingfisher Beer/_ (14).jpeg,Kingfisher Beer
/content/drive/MyDrive/IBeer.ai/beerClassification/Kingfisher Beer/Thebird_.jpeg,Kingfisher Beer
/content/drive/MyDrive/IBeer.ai/beerClassification/Kingfisher Beer/ü•Ç (1).jpeg,Kingfisher Beer
/content/drive/MyDrive/IBeer.ai/beerClassification/Kingfisher Beer/_ (15).jpeg,Kingfisher Beer
/content/drive/MyDrive/IBeer.ai/beerClassification/Kingfisher Beer/ü•Ç (2).jpeg,Kingfisher Beer
/content/drive/MyDrive/IBeer.ai/beerClassification/Kingfisher Beer/_ (16).jpeg,Kingfisher Beer
/content/drive/MyDrive/IBeer.ai/beerClassification/Kingfisher Beer/Kingfisher (4).jpeg,Kingfisher Beer
/content/drive/MyDrive/IBeer.ai/beerClassification/Kingfisher Beer/‚ò†Ô∏è.jpeg,Kingfisher Beer
/content/drive/MyDrive/IBeer.ai/beerClassification/Kingfisher Beer/Kingfisher üç∫ (1).jpeg,Kingfisher Beer
/content/drive/MyDrive/IBeer.ai/beerClassification/Kingfisher Beer/_ (17).jpeg,Kingfisher Beer
/content/drive/MyDrive/IBeer.ai/beerClassification/Kingfisher Beer/some time without any tension ‚ù§Ô∏è‚ò∫Ô∏è.jpeg,Kingfisher Beer
/content/drive/MyDrive/IBeer.ai/beerClassification/Kingfisher Beer/#chill #clublife #beer #avermusic.jpeg,Kingfisher Beer
/content/drive/MyDrive/IBeer.ai/beerClassification/Kingfisher Beer/_ (18).jpeg,Kingfisher Beer
/content/drive/MyDrive/IBeer.ai/beerClassification/Kingfisher Beer/_ (19).jpeg,Kingfisher Beer
/content/drive/MyDrive/IBeer.ai/beerClassification/Kingfisher Beer/alcohol üç∫üçª.jpeg,Kingfisher Beer
/content/drive/MyDrive/IBeer.ai/beerClassification/Kingfisher Beer/_ (20).jpeg,Kingfisher Beer
/content/drive/MyDrive/IBeer.ai/beerClassification/Kingfisher Beer/ü•Ç (3).jpeg,Kingfisher Beer
/content/drive/MyDrive/IBeer.ai/beerClassification/Kingfisher Beer/_ (21).jpeg,Kingfisher Beer
/content/drive/MyDrive/IBeer.ai/beerClassification/Kingfisher Beer/_ (22).jpeg,Kingfisher Beer
/content/drive/MyDrive/IBeer.ai/beerClassification/Kingfisher Beer/üòû‚ùìlove üíî.jpeg,Kingfisher Beer
/content/drive/MyDrive/IBeer.ai/beerClassification/Kingfisher Beer/‚ù§.jpeg,Kingfisher Beer
/content/drive/MyDrive/IBeer.ai/beerClassification/Kingfisher Beer/_ (23).jpeg,Kingfisher Beer
/content/drive/MyDrive/IBeer.ai/beerClassification/Kingfisher Beer/_ (24).jpeg,Kingfisher Beer
/content/drive/MyDrive/IBeer.ai/beerClassification/Kingfisher Beer/___ (1).jpeg,Kingfisher Beer
/content/drive/MyDrive/IBeer.ai/beerClassification/Kingfisher Beer/_ (25).jpeg,Kingfisher Beer
/content/drive/MyDrive/IBeer.ai/beerClassification/Kingfisher Beer/Beer barely.jpeg,Kingfisher Beer
/content/drive/MyDrive/IBeer.ai/beerClassification/Kingfisher Beer/kingfisher (5).jpeg,Kingfisher Beer
/content/drive/MyDrive/IBeer.ai/beerClassification/Kingfisher Beer/_ (26).jpeg,Kingfisher Beer
/content/drive/MyDrive/IBeer.ai/beerClassification/Kingfisher Beer/fresh natural with kingfisher üßñ (1).jpeg,Kingfisher Beer
/content/drive/MyDrive/IBeer.ai/beerClassification/Kingfisher Beer/Kingfisher copy.jpeg,Kingfisher Beer
/content/drive/MyDrive/IBeer.ai/beerClassification/Kingfisher Beer/Beer copy.jpeg,Kingfisher Beer
/content/drive/MyDrive/IBeer.ai/beerClassification/Kingfisher Beer/_ copy.jpeg,Kingfisher Beer
/content/drive/MyDrive/IBeer.ai/beerClassification/Kingfisher Beer/_ (1) copy.jpeg,Kingfisher Beer
/content/drive/MyDrive/IBeer.ai/beerClassification/Kingfisher Beer/kingfisher ‚ô•Ô∏è‚ú® copy.jpeg,Kingfisher Beer
"/content/drive/MyDrive/IBeer.ai/beerClassification/Budweiser Beer/Download premium png of Budweiser king of beers in a glass bottle_ JANUARY 29, 2020 - BANGKOK, THAILAND  by Jira about beer bottle, drink, beer, beer bottle png, and alcohol bottle 2353251.jpeg",Budweiser Beer
/content/drive/MyDrive/IBeer.ai/beerClassification/Budweiser Beer/_.jpeg,Budweiser Beer
/content/drive/MyDrive/IBeer.ai/beerClassification/Budweiser Beer/Haute in Dallas‚Ñ¢.jpeg,Budweiser Beer
/content/drive/MyDrive/IBeer.ai/beerClassification/Budweiser Beer/_ (1).jpeg,Budweiser Beer
/content/drive/MyDrive/IBeer.ai/beerClassification/Budweiser Beer/Beer Brands‚Äô Logos Get Jumbled Up To Denote Importance Of Responsible Drinking Check more at https___iamkomex_com_beer-brands-logos-get-jumbled-up-to-denote-importance-of-responsible-drinking_.jpeg,Budweiser Beer
"/content/drive/MyDrive/IBeer.ai/beerClassification/Budweiser Beer/Budweiser, Pale Lager 5,0% ABV (Anheuser-Busch InBev, USA).jpeg",Budweiser Beer
/content/drive/MyDrive/IBeer.ai/beerClassification/Budweiser Beer/Thirsty pub burglar nicked - The Drinks Business.jpeg,Budweiser Beer
/content/drive/MyDrive/IBeer.ai/beerClassification/Budweiser Beer/_ (2).jpeg,Budweiser Beer
/content/drive/MyDrive/IBeer.ai/beerClassification/Budweiser Beer/_ (3).jpeg,Budweiser Beer
/content/drive/MyDrive/IBeer.ai/beerClassification/Budweiser Beer/_ (4).jpeg,Budweiser Beer
/content/drive/MyDrive/IBeer.ai/beerClassification/Budweiser Beer/_ (5).jpeg,Budweiser Beer
/content/drive/MyDrive/IBeer.ai/beerClassification/Budweiser Beer/_ (6).jpeg,Budweiser Beer
/content/drive/MyDrive/IBeer.ai/beerClassification/Budweiser Beer/Budweiser.jpeg,Budweiser Beer
/content/drive/MyDrive/IBeer.ai/beerClassification/Budweiser Beer/_ (7).jpeg,Budweiser Beer
/content/drive/MyDrive/IBeer.ai/beerClassification/Budweiser Beer/Budweiser Rebrands With New _Bowtie_ Design.jpeg,Budweiser Beer
/content/drive/MyDrive/IBeer.ai/beerClassification/Budweiser Beer/Budweiser ad_.jpeg,Budweiser Beer
/content/drive/MyDrive/IBeer.ai/beerClassification/Budweiser Beer/King of Beers ! #Budweiser.jpeg,Budweiser Beer
/content/drive/MyDrive/IBeer.ai/beerClassification/Budweiser Beer/Grab Some Buds!.jpeg,Budweiser Beer
/content/drive/MyDrive/IBeer.ai/beerClassification/Budweiser Beer/Budwieser.jpeg,Budweiser Beer
"/content/drive/MyDrive/IBeer.ai/beerClassification/Budweiser Beer/1080x1920 Resolution heineken, budweiser, beer Iphone 7, 6s, 6 Plus and Pixel XL ,One Plus 3, 3t, 5 Wallpaper - Wallpapers Den.jpeg",Budweiser Beer
"/content/drive/MyDrive/IBeer.ai/beerClassification/Budweiser Beer/AB InBev Launches Budweiser 0_0; 0% Alcohol, 100% Budweiser - HungryForever Food Blog.jpeg",Budweiser Beer
/content/drive/MyDrive/IBeer.ai/beerClassification/Budweiser Beer/_ (8).jpeg,Budweiser Beer
/content/drive/MyDrive/IBeer.ai/beerClassification/Budweiser Beer/_ (9).jpeg,Budweiser Beer
/content/drive/MyDrive/IBeer.ai/beerClassification/Budweiser Beer/Segundooou üç∫.jpeg,Budweiser Beer
/content/drive/MyDrive/IBeer.ai/beerClassification/Budweiser Beer/Budweiser story.jpeg,Budweiser Beer
/content/drive/MyDrive/IBeer.ai/beerClassification/Budweiser Beer/_ (10).jpeg,Budweiser Beer
/content/drive/MyDrive/IBeer.ai/beerClassification/Budweiser Beer/Cerveja üç∫.jpeg,Budweiser Beer
/content/drive/MyDrive/IBeer.ai/beerClassification/Budweiser Beer/_ (11).jpeg,Budweiser Beer
/content/drive/MyDrive/IBeer.ai/beerClassification/Budweiser Beer/#Budweiser_#cerveja.jpeg,Budweiser Beer
/content/drive/MyDrive/IBeer.ai/beerClassification/Budweiser Beer/#Budweiser_#cerveja (1).jpeg,Budweiser Beer
/content/drive/MyDrive/IBeer.ai/beerClassification/Budweiser Beer/üç∫.jpeg,Budweiser Beer
/content/drive/MyDrive/IBeer.ai/beerClassification/Budweiser Beer/Budweiser cerveja.jpeg,Budweiser Beer
/content/drive/MyDrive/IBeer.ai/beerClassification/Budweiser Beer/_ (12).jpeg,Budweiser Beer
/content/drive/MyDrive/IBeer.ai/beerClassification/Budweiser Beer/5a12f81b-c15a-4b2e-bf52-e7d2d6718bc0.jpeg,Budweiser Beer
/content/drive/MyDrive/IBeer.ai/beerClassification/Budweiser Beer/_ (13).jpeg,Budweiser Beer
/content/drive/MyDrive/IBeer.ai/beerClassification/Budweiser Beer/_ (14).jpeg,Budweiser Beer
/content/drive/MyDrive/IBeer.ai/beerClassification/Budweiser Beer/28aa9d22-cc0a-4b38-a2e8-19209c015b5c.jpeg,Budweiser Beer
/content/drive/MyDrive/IBeer.ai/beerClassification/Budweiser Beer/Budweiser (1).jpeg,Budweiser Beer
/content/drive/MyDrive/IBeer.ai/beerClassification/Budweiser Beer/@EoTREMBB          $.jpeg,Budweiser Beer
/content/drive/MyDrive/IBeer.ai/beerClassification/Budweiser Beer/_ (15).jpeg,Budweiser Beer
/content/drive/MyDrive/IBeer.ai/beerClassification/Budweiser Beer/üçª.jpeg,Budweiser Beer
/content/drive/MyDrive/IBeer.ai/beerClassification/Budweiser Beer/_ (16).jpeg,Budweiser Beer
/content/drive/MyDrive/IBeer.ai/beerClassification/Budweiser Beer/Cerveja üçª.jpeg,Budweiser Beer
/content/drive/MyDrive/IBeer.ai/beerClassification/Budweiser Beer/üçª (1).jpeg,Budweiser Beer
/content/drive/MyDrive/IBeer.ai/beerClassification/Budweiser Beer/fotos de cerveja na maÃÉo.jpeg,Budweiser Beer
/content/drive/MyDrive/IBeer.ai/beerClassification/Budweiser Beer/_ (17).jpeg,Budweiser Beer
/content/drive/MyDrive/IBeer.ai/beerClassification/Budweiser Beer/_ (18).jpeg,Budweiser Beer
/content/drive/MyDrive/IBeer.ai/beerClassification/Budweiser Beer/_ (19).jpeg,Budweiser Beer
/content/drive/MyDrive/IBeer.ai/beerClassification/Budweiser Beer/_ (20).jpeg,Budweiser Beer
/content/drive/MyDrive/IBeer.ai/beerClassification/Budweiser Beer/_ (21).jpeg,Budweiser Beer
/content/drive/MyDrive/IBeer.ai/beerClassification/Budweiser Beer/_ (22).jpeg,Budweiser Beer
/content/drive/MyDrive/IBeer.ai/beerClassification/Budweiser Beer/_ (23).jpeg,Budweiser Beer
/content/drive/MyDrive/IBeer.ai/beerClassification/Budweiser Beer/_ (24).jpeg,Budweiser Beer
/content/drive/MyDrive/IBeer.ai/beerClassification/Budweiser Beer/_ (25).jpeg,Budweiser Beer
/content/drive/MyDrive/IBeer.ai/beerClassification/Budweiser Beer/Bebidas made in RocÃßa.jpeg,Budweiser Beer
/content/drive/MyDrive/IBeer.ai/beerClassification/Budweiser Beer/_ (26).jpeg,Budweiser Beer
/content/drive/MyDrive/IBeer.ai/beerClassification/Budweiser Beer/_ (27).jpeg,Budweiser Beer
/content/drive/MyDrive/IBeer.ai/beerClassification/Budweiser Beer/üç∫ (1).jpeg,Budweiser Beer
/content/drive/MyDrive/IBeer.ai/beerClassification/Budweiser Beer/_ (28).jpeg,Budweiser Beer
/content/drive/MyDrive/IBeer.ai/beerClassification/Budweiser Beer/_ (29).jpeg,Budweiser Beer
/content/drive/MyDrive/IBeer.ai/beerClassification/Budweiser Beer/Cerveja Brahma Duplo Malte Bares Social Media PSD EditaÃÅvel.jpeg,Budweiser Beer
/content/drive/MyDrive/IBeer.ai/beerClassification/Budweiser Beer/Beer.jpeg,Budweiser Beer
/content/drive/MyDrive/IBeer.ai/beerClassification/Budweiser Beer/Photo by Linus Mimietz on Unsplash.jpeg,Budweiser Beer
/content/drive/MyDrive/IBeer.ai/beerClassification/Budweiser Beer/_ (30).jpeg,Budweiser Beer
/content/drive/MyDrive/IBeer.ai/beerClassification/Budweiser Beer/@EoTREMBB         üí∏.jpeg,Budweiser Beer
/content/drive/MyDrive/IBeer.ai/beerClassification/Budweiser Beer/My forever love.jpeg,Budweiser Beer
/content/drive/MyDrive/IBeer.ai/beerClassification/Budweiser Beer/üç∫ (2).jpeg,Budweiser Beer
/content/drive/MyDrive/IBeer.ai/beerClassification/Budweiser Beer/dia good.jpeg,Budweiser Beer
/content/drive/MyDrive/IBeer.ai/beerClassification/Budweiser Beer/_ (31).jpeg,Budweiser Beer
/content/drive/MyDrive/IBeer.ai/beerClassification/Budweiser Beer/_ (32).jpeg,Budweiser Beer
/content/drive/MyDrive/IBeer.ai/beerClassification/Budweiser Beer/_ (33).jpeg,Budweiser Beer
/content/drive/MyDrive/IBeer.ai/beerClassification/Budweiser Beer/_ (34).jpeg,Budweiser Beer
/content/drive/MyDrive/IBeer.ai/beerClassification/Budweiser Beer/_ (35).jpeg,Budweiser Beer
/content/drive/MyDrive/IBeer.ai/beerClassification/Budweiser Beer/_ (36).jpeg,Budweiser Beer
/content/drive/MyDrive/IBeer.ai/beerClassification/Budweiser Beer/BUDWEISER copy.jpeg,Budweiser Beer
/content/drive/MyDrive/IBeer.ai/beerClassification/Budweiser Beer/BUDWEIser (1) copy.jpeg,Budweiser Beer
/content/drive/MyDrive/IBeer.ai/beerClassification/Budweiser Beer/It's Good to be the King.jpeg,Budweiser Beer
/content/drive/MyDrive/IBeer.ai/beerClassification/Budweiser Beer/_ copy.jpeg,Budweiser Beer
/content/drive/MyDrive/IBeer.ai/beerClassification/Budweiser Beer/Se For Pra Carregar Algum Fardo Que Seja De Cerveja Social Media PSD EditaÃÅvel.jpeg,Budweiser Beer
/content/drive/MyDrive/IBeer.ai/beerClassification/Budweiser Beer/BUDWEISER _ MUSIC.jpeg,Budweiser Beer
/content/drive/MyDrive/IBeer.ai/beerClassification/Budweiser Beer/BUDWEISER _ MUSIC (1).jpeg,Budweiser Beer
/content/drive/MyDrive/IBeer.ai/beerClassification/Budweiser Beer/_ (1) copy.jpeg,Budweiser Beer
/content/drive/MyDrive/IBeer.ai/beerClassification/Budweiser Beer/Fuze Reps.jpeg,Budweiser Beer
/content/drive/MyDrive/IBeer.ai/beerClassification/Budweiser Beer/Bia Budweiser 5% - Chai nhoÃÇm 355ml - ThuÃÄng 24 Chai.jpeg,Budweiser Beer
/content/drive/MyDrive/IBeer.ai/beerClassification/Heineken Beer/Wallpaper.jpeg,Heineken Beer
/content/drive/MyDrive/IBeer.ai/beerClassification/Heineken Beer/_.jpeg,Heineken Beer
/content/drive/MyDrive/IBeer.ai/beerClassification/Heineken Beer/Heineken.jpeg,Heineken Beer
"/content/drive/MyDrive/IBeer.ai/beerClassification/Heineken Beer/Heineken Beer Bottle And Glass, Stefan Radenkovic.jpeg",Heineken Beer
/content/drive/MyDrive/IBeer.ai/beerClassification/Heineken Beer/_ (1).jpeg,Heineken Beer
/content/drive/MyDrive/IBeer.ai/beerClassification/Heineken Beer/Thirst Quencher.jpeg,Heineken Beer
/content/drive/MyDrive/IBeer.ai/beerClassification/Heineken Beer/_ (2).jpeg,Heineken Beer
/content/drive/MyDrive/IBeer.ai/beerClassification/Heineken Beer/Heineken Ice.jpeg,Heineken Beer
/content/drive/MyDrive/IBeer.ai/beerClassification/Heineken Beer/HD Wallpaper.jpeg,Heineken Beer
/content/drive/MyDrive/IBeer.ai/beerClassification/Heineken Beer/Heineken (1).jpeg,Heineken Beer
/content/drive/MyDrive/IBeer.ai/beerClassification/Heineken Beer/HEINEKEN _ RETOUCH.jpeg,Heineken Beer
/content/drive/MyDrive/IBeer.ai/beerClassification/Heineken Beer/_ (3).jpeg,Heineken Beer
/content/drive/MyDrive/IBeer.ai/beerClassification/Heineken Beer/HEINEKEN _ RETOUCH (1).jpeg,Heineken Beer
/content/drive/MyDrive/IBeer.ai/beerClassification/Heineken Beer/_ (4).jpeg,Heineken Beer
/content/drive/MyDrive/IBeer.ai/beerClassification/Heineken Beer/FEATURED.jpeg,Heineken Beer
/content/drive/MyDrive/IBeer.ai/beerClassification/Heineken Beer/Heineken Beer On Ice Stock Photo - Download Image Now - Istock 81C.jpeg,Heineken Beer
/content/drive/MyDrive/IBeer.ai/beerClassification/Heineken Beer/ice.jpeg,Heineken Beer
/content/drive/MyDrive/IBeer.ai/beerClassification/Heineken Beer/Heineken beer.jpeg,Heineken Beer
/content/drive/MyDrive/IBeer.ai/beerClassification/Heineken Beer/HD Heineken Beer Can PNG.jpeg,Heineken Beer
/content/drive/MyDrive/IBeer.ai/beerClassification/Heineken Beer/Heineken beer (1).jpeg,Heineken Beer
/content/drive/MyDrive/IBeer.ai/beerClassification/Heineken Beer/HD Heineken Beer Can PNG (1).jpeg,Heineken Beer
/content/drive/MyDrive/IBeer.ai/beerClassification/Heineken Beer/_ (5).jpeg,Heineken Beer
/content/drive/MyDrive/IBeer.ai/beerClassification/Heineken Beer/Heineken (2).jpeg,Heineken Beer
/content/drive/MyDrive/IBeer.ai/beerClassification/Heineken Beer/_ (6).jpeg,Heineken Beer
/content/drive/MyDrive/IBeer.ai/beerClassification/Heineken Beer/_ (7).jpeg,Heineken Beer
/content/drive/MyDrive/IBeer.ai/beerClassification/Heineken Beer/Sextou.jpeg,Heineken Beer
/content/drive/MyDrive/IBeer.ai/beerClassification/Heineken Beer/ExposicioÃÅn.jpeg,Heineken Beer
"/content/drive/MyDrive/IBeer.ai/beerClassification/Heineken Beer/HD wallpaper_ two, beer, bottles, of, heineken, green, beverages, car, city.jpeg",Heineken Beer
/content/drive/MyDrive/IBeer.ai/beerClassification/Heineken Beer/Es momento #Heineken en #LasVegas Ahora estoy esperando mi turno para el #RollerCoaster #BerlinGonzalez #FelizLunes #FYP #Nevada #MOVO #Happy #lasvegasfun #LatinosUSA #Trending #Trend #Musica #Love.jpeg,Heineken Beer
/content/drive/MyDrive/IBeer.ai/beerClassification/Heineken Beer/_ (8).jpeg,Heineken Beer
/content/drive/MyDrive/IBeer.ai/beerClassification/Heineken Beer/_ (9).jpeg,Heineken Beer
/content/drive/MyDrive/IBeer.ai/beerClassification/Heineken Beer/Heineken pilsener 5%vol.jpeg,Heineken Beer
/content/drive/MyDrive/IBeer.ai/beerClassification/Heineken Beer/_ (10).jpeg,Heineken Beer
/content/drive/MyDrive/IBeer.ai/beerClassification/Heineken Beer/_ (11).jpeg,Heineken Beer
/content/drive/MyDrive/IBeer.ai/beerClassification/Heineken Beer/_ (12).jpeg,Heineken Beer
/content/drive/MyDrive/IBeer.ai/beerClassification/Heineken Beer/d5af5bc3-be40-4009-be3b-40477aca994b.jpeg,Heineken Beer
/content/drive/MyDrive/IBeer.ai/beerClassification/Heineken Beer/Brejinha.jpeg,Heineken Beer
/content/drive/MyDrive/IBeer.ai/beerClassification/Heineken Beer/Minha cervejinha.jpeg,Heineken Beer
/content/drive/MyDrive/IBeer.ai/beerClassification/Heineken Beer/_ (13).jpeg,Heineken Beer
/content/drive/MyDrive/IBeer.ai/beerClassification/Heineken Beer/_ (14).jpeg,Heineken Beer
/content/drive/MyDrive/IBeer.ai/beerClassification/Heineken Beer/_ (15).jpeg,Heineken Beer
/content/drive/MyDrive/IBeer.ai/beerClassification/Heineken Beer/Wallpaper Heineken.jpeg,Heineken Beer
/content/drive/MyDrive/IBeer.ai/beerClassification/Heineken Beer/d3590b50-a4b2-438f-9711-800a15747ad8.jpeg,Heineken Beer
/content/drive/MyDrive/IBeer.ai/beerClassification/Heineken Beer/_ (16).jpeg,Heineken Beer
/content/drive/MyDrive/IBeer.ai/beerClassification/Heineken Beer/Cheers.jpeg,Heineken Beer
/content/drive/MyDrive/IBeer.ai/beerClassification/Heineken Beer/_ (17).jpeg,Heineken Beer
/content/drive/MyDrive/IBeer.ai/beerClassification/Heineken Beer/_ (18).jpeg,Heineken Beer
/content/drive/MyDrive/IBeer.ai/beerClassification/Heineken Beer/_ (19).jpeg,Heineken Beer
/content/drive/MyDrive/IBeer.ai/beerClassification/Heineken Beer/Mitad cerveceraüíö.jpeg,Heineken Beer
/content/drive/MyDrive/IBeer.ai/beerClassification/Heineken Beer/The Logo Evolution of Heineken Over Time [Infographic].jpeg,Heineken Beer
/content/drive/MyDrive/IBeer.ai/beerClassification/Heineken Beer/HEINEKEN _ RETOUCH (2).jpeg,Heineken Beer
/content/drive/MyDrive/IBeer.ai/beerClassification/Heineken Beer/BeerTalk_.jpeg,Heineken Beer
/content/drive/MyDrive/IBeer.ai/beerClassification/Heineken Beer/_ (20).jpeg,Heineken Beer
/content/drive/MyDrive/IBeer.ai/beerClassification/Heineken Beer/_ (21).jpeg,Heineken Beer
/content/drive/MyDrive/IBeer.ai/beerClassification/Heineken Beer/Heineken (3).jpeg,Heineken Beer
/content/drive/MyDrive/IBeer.ai/beerClassification/Heineken Beer/_ (22).jpeg,Heineken Beer
/content/drive/MyDrive/IBeer.ai/beerClassification/Heineken Beer/Post Story Distribuidora Cerveja Heineken Social Media PSD EditaÃÅvel.jpeg,Heineken Beer
/content/drive/MyDrive/IBeer.ai/beerClassification/Heineken Beer/_ (23).jpeg,Heineken Beer
/content/drive/MyDrive/IBeer.ai/beerClassification/Heineken Beer/_ (24).jpeg,Heineken Beer
/content/drive/MyDrive/IBeer.ai/beerClassification/Heineken Beer/Cerveja trincando.jpeg,Heineken Beer
/content/drive/MyDrive/IBeer.ai/beerClassification/Heineken Beer/_ (25).jpeg,Heineken Beer
/content/drive/MyDrive/IBeer.ai/beerClassification/Heineken Beer/_ (26).jpeg,Heineken Beer
/content/drive/MyDrive/IBeer.ai/beerClassification/Heineken Beer/_ (27).jpeg,Heineken Beer
/content/drive/MyDrive/IBeer.ai/beerClassification/Heineken Beer/_ (28).jpeg,Heineken Beer
/content/drive/MyDrive/IBeer.ai/beerClassification/Heineken Beer/Heineken (4).jpeg,Heineken Beer
/content/drive/MyDrive/IBeer.ai/beerClassification/Heineken Beer/Heineken (5).jpeg,Heineken Beer
/content/drive/MyDrive/IBeer.ai/beerClassification/Heineken Beer/_ (29).jpeg,Heineken Beer
/content/drive/MyDrive/IBeer.ai/beerClassification/Heineken Beer/We Heart It.jpeg,Heineken Beer
/content/drive/MyDrive/IBeer.ai/beerClassification/Heineken Beer/Images and videos of heineken beer.jpeg,Heineken Beer
/content/drive/MyDrive/IBeer.ai/beerClassification/Heineken Beer/One of my favs‚ù§.jpeg,Heineken Beer
/content/drive/MyDrive/IBeer.ai/beerClassification/Heineken Beer/Heineken (6).jpeg,Heineken Beer
/content/drive/MyDrive/IBeer.ai/beerClassification/Heineken Beer/_ (30).jpeg,Heineken Beer
/content/drive/MyDrive/IBeer.ai/beerClassification/Heineken Beer/–ü—Ä–µ–¥–º–µ—Ç–Ω–∞—è —Ñ–æ—Ç–æ–≥—Ä–∞—Ñ–∏—è.jpeg,Heineken Beer
/content/drive/MyDrive/IBeer.ai/beerClassification/Heineken Beer/Beer Bottles.jpeg,Heineken Beer
/content/drive/MyDrive/IBeer.ai/beerClassification/Heineken Beer/Dissecting Heineken's Successful Ads with Neuromarketing - NeuroRelay.jpeg,Heineken Beer
/content/drive/MyDrive/IBeer.ai/beerClassification/Heineken Beer/_ (31).jpeg,Heineken Beer
/content/drive/MyDrive/IBeer.ai/beerClassification/Heineken Beer/Heineken (7).jpeg,Heineken Beer
/content/drive/MyDrive/IBeer.ai/beerClassification/Heineken Beer/Feeling Blue.jpeg,Heineken Beer
"/content/drive/MyDrive/IBeer.ai/beerClassification/Heineken Beer/Free download _ White crown bottle cap, Beer bottle Bottle cap, beer bottle material, glass, caps, happy Birthday Vector Images png.jpeg",Heineken Beer
/content/drive/MyDrive/IBeer.ai/beerClassification/Heineken Beer/Bailarina passos de baleÃÅ desenho simples vetor menina com coroa rosa pack de imagens fundo transparente png - Art Poin.jpeg,Heineken Beer
/content/drive/MyDrive/IBeer.ai/beerClassification/Heineken Beer/Heineken USA Shifts Digital to Omnicom Shop Red Urban.jpeg,Heineken Beer
/content/drive/MyDrive/IBeer.ai/beerClassification/Heineken Beer/_ copy.jpeg,Heineken Beer
/content/drive/MyDrive/IBeer.ai/beerClassification/Heineken Beer/b5335361-0c68-4d24-b62e-7131c3ca3683.jpeg,Heineken Beer
/content/drive/MyDrive/IBeer.ai/beerClassification/Heineken Beer/_ (1) copy.jpeg,Heineken Beer
/content/drive/MyDrive/IBeer.ai/beerClassification/Heineken Beer/_ (2) copy.jpeg,Heineken Beer
/content/drive/MyDrive/IBeer.ai/beerClassification/Heineken Beer/_ (3) copy.jpeg,Heineken Beer
/content/drive/MyDrive/IBeer.ai/beerClassification/Heineken Beer/Diageo sells brewing stakes to Heineken for $780_5 million.jpeg,Heineken Beer
/content/drive/MyDrive/IBeer.ai/beerClassification/Heineken Beer/_ (4) copy.jpeg,Heineken Beer
/content/drive/MyDrive/IBeer.ai/beerClassification/Heineken Beer/_ (5) copy.jpeg,Heineken Beer
/content/drive/MyDrive/IBeer.ai/beerClassification/Heineken Beer/_ (6) copy.jpeg,Heineken Beer
/content/drive/MyDrive/IBeer.ai/beerClassification/Heineken Beer/BeerTalk_ copy.jpeg,Heineken Beer
/content/drive/MyDrive/IBeer.ai/beerClassification/Becks Beer/Erst mit dir wird‚Äôs legendaÃàr_.jpeg,Becks Beer
/content/drive/MyDrive/IBeer.ai/beerClassification/Becks Beer/Beer.jpeg,Becks Beer
/content/drive/MyDrive/IBeer.ai/beerClassification/Becks Beer/Beck's International Premium Beer Trio.jpeg,Becks Beer
/content/drive/MyDrive/IBeer.ai/beerClassification/Becks Beer/Kit 12 Uni_ Cerveja Puro Malte Becks 350Ml Lata 350Ml.jpeg,Becks Beer
/content/drive/MyDrive/IBeer.ai/beerClassification/Becks Beer/Beck's forced to issue $50 refunds - The Drinks Business.jpeg,Becks Beer
/content/drive/MyDrive/IBeer.ai/beerClassification/Becks Beer/_.jpeg,Becks Beer
/content/drive/MyDrive/IBeer.ai/beerClassification/Becks Beer/Beck's Non-Alcoholic Beer Bottles (12 oz x 6 ct).jpeg,Becks Beer
/content/drive/MyDrive/IBeer.ai/beerClassification/Becks Beer/Brauerei Beck & Co - Beck's Beer.jpeg,Becks Beer
/content/drive/MyDrive/IBeer.ai/beerClassification/Becks Beer/Cerveja Beck's German Lager 600ml.jpeg,Becks Beer
/content/drive/MyDrive/IBeer.ai/beerClassification/Becks Beer/Beck's Beer.jpeg,Becks Beer
/content/drive/MyDrive/IBeer.ai/beerClassification/Becks Beer/Beck's Beer Might Actually Owe You Fifty Bucks - Maxim.jpeg,Becks Beer
/content/drive/MyDrive/IBeer.ai/beerClassification/Becks Beer/Beck's Imported.jpeg,Becks Beer
/content/drive/MyDrive/IBeer.ai/beerClassification/Becks Beer/Beck's Beer (1).jpeg,Becks Beer
/content/drive/MyDrive/IBeer.ai/beerClassification/Becks Beer/Walhalla ü§ç.jpeg,Becks Beer
/content/drive/MyDrive/IBeer.ai/beerClassification/Becks Beer/Bremen ‚Äò best beer - Becks.jpeg,Becks Beer
/content/drive/MyDrive/IBeer.ai/beerClassification/Becks Beer/Beck's Beer (2).jpeg,Becks Beer
/content/drive/MyDrive/IBeer.ai/beerClassification/Becks Beer/Becks  24 x 275ml - 24 x 275ml.jpeg,Becks Beer
/content/drive/MyDrive/IBeer.ai/beerClassification/Becks Beer/Cerveja Beck's German Pilsner Garrafa 600ml.jpeg,Becks Beer
/content/drive/MyDrive/IBeer.ai/beerClassification/Becks Beer/Beck's Beer in DuÃàsseldorf.jpeg,Becks Beer
/content/drive/MyDrive/IBeer.ai/beerClassification/Becks Beer/dd410b02-87a0-4950-b4f8-d1786637b775.jpeg,Becks Beer
/content/drive/MyDrive/IBeer.ai/beerClassification/Becks Beer/Becks.jpeg,Becks Beer
/content/drive/MyDrive/IBeer.ai/beerClassification/Becks Beer/beck`s.jpeg,Becks Beer
/content/drive/MyDrive/IBeer.ai/beerClassification/Becks Beer/BieÃÄre trouveÃÅe lors du stage en Tunisie.jpeg,Becks Beer
/content/drive/MyDrive/IBeer.ai/beerClassification/Becks Beer/Becks (1).jpeg,Becks Beer
/content/drive/MyDrive/IBeer.ai/beerClassification/Becks Beer/Merecido descanso!.jpeg,Becks Beer
"/content/drive/MyDrive/IBeer.ai/beerClassification/Becks Beer/Cerveza Becks, es una cerveza rubia alemana estilo lager_.jpeg",Becks Beer
/content/drive/MyDrive/IBeer.ai/beerClassification/Becks Beer/_ (1).jpeg,Becks Beer
/content/drive/MyDrive/IBeer.ai/beerClassification/Becks Beer/Cerveza Becks (AlemaniÃÅa).jpeg,Becks Beer
/content/drive/MyDrive/IBeer.ai/beerClassification/Becks Beer/Delve.jpeg,Becks Beer
/content/drive/MyDrive/IBeer.ai/beerClassification/Becks Beer/_ (2).jpeg,Becks Beer
/content/drive/MyDrive/IBeer.ai/beerClassification/Becks Beer/_ (3).jpeg,Becks Beer
/content/drive/MyDrive/IBeer.ai/beerClassification/Becks Beer/üìç IF SOKAK _ Ankara.jpeg,Becks Beer
/content/drive/MyDrive/IBeer.ai/beerClassification/Becks Beer/_ (4).jpeg,Becks Beer
/content/drive/MyDrive/IBeer.ai/beerClassification/Becks Beer/_ (5).jpeg,Becks Beer
"/content/drive/MyDrive/IBeer.ai/beerClassification/Becks Beer/BECKS, COLONIA IDS.jpeg",Becks Beer
/content/drive/MyDrive/IBeer.ai/beerClassification/Becks Beer/Bebidas.jpeg,Becks Beer
/content/drive/MyDrive/IBeer.ai/beerClassification/Becks Beer/Breja.jpeg,Becks Beer
/content/drive/MyDrive/IBeer.ai/beerClassification/Becks Beer/_ (6).jpeg,Becks Beer
/content/drive/MyDrive/IBeer.ai/beerClassification/Becks Beer/3060c1c4-f113-4ceb-905f-5daf413d42cc.jpeg,Becks Beer
/content/drive/MyDrive/IBeer.ai/beerClassification/Becks Beer/Beer Label Printing.jpeg,Becks Beer
/content/drive/MyDrive/IBeer.ai/beerClassification/Becks Beer/Top 10 Best Beers for Gout_ Low Purine Beer.jpeg,Becks Beer
/content/drive/MyDrive/IBeer.ai/beerClassification/Becks Beer/Beck's beer (3).jpeg,Becks Beer
/content/drive/MyDrive/IBeer.ai/beerClassification/Becks Beer/Becks ice beer snap.jpeg,Becks Beer
/content/drive/MyDrive/IBeer.ai/beerClassification/Becks Beer/Becks (2).jpeg,Becks Beer
/content/drive/MyDrive/IBeer.ai/beerClassification/Becks Beer/4eb1b565-ae1f-478a-8695-dad06f3a39fd.jpeg,Becks Beer
/content/drive/MyDrive/IBeer.ai/beerClassification/Becks Beer/692cb4d3-b245-4a3c-9f0f-e6bb631afa95.jpeg,Becks Beer
/content/drive/MyDrive/IBeer.ai/beerClassification/Becks Beer/e6afe5cc-715e-4ad0-93b8-20cec2c44521.jpeg,Becks Beer
/content/drive/MyDrive/IBeer.ai/beerClassification/Becks Beer/Beer üç∫.jpeg,Becks Beer
/content/drive/MyDrive/IBeer.ai/beerClassification/Becks Beer/Beer üç∫ (1).jpeg,Becks Beer
/content/drive/MyDrive/IBeer.ai/beerClassification/Becks Beer/17df04b2-33d6-47c0-824b-6d53f8ec45c2.jpeg,Becks Beer
/content/drive/MyDrive/IBeer.ai/beerClassification/Becks Beer/Alemana.jpeg,Becks Beer
/content/drive/MyDrive/IBeer.ai/beerClassification/Becks Beer/Beck's üá©üá™.jpeg,Becks Beer
/content/drive/MyDrive/IBeer.ai/beerClassification/Becks Beer/Becks again _D.jpeg,Becks Beer
/content/drive/MyDrive/IBeer.ai/beerClassification/Becks Beer/Cerveza Becks en el jardiÃÅn! cosas para disfrutar.jpeg,Becks Beer
/content/drive/MyDrive/IBeer.ai/beerClassification/Becks Beer/Beck's.jpeg,Becks Beer
/content/drive/MyDrive/IBeer.ai/beerClassification/Becks Beer/BECKS (3).jpeg,Becks Beer
/content/drive/MyDrive/IBeer.ai/beerClassification/Becks Beer/6ebe9053-2fdd-4d93-a013-d5900467fc42.jpeg,Becks Beer
/content/drive/MyDrive/IBeer.ai/beerClassification/Becks Beer/Yah das ist gut !!! _ LOVE THIS _ BECK'S BEER_‚Ä¶.jpeg,Becks Beer
/content/drive/MyDrive/IBeer.ai/beerClassification/Becks Beer/CERVEZA PALMA CRISTAL_ ¬øHas oiÃÅdo de la marca de‚Ä¶.jpeg,Becks Beer
/content/drive/MyDrive/IBeer.ai/beerClassification/Becks Beer/Beck's (1).jpeg,Becks Beer
/content/drive/MyDrive/IBeer.ai/beerClassification/Becks Beer/16010a34-a385-4422-a06f-3922948997bc.jpeg,Becks Beer
/content/drive/MyDrive/IBeer.ai/beerClassification/Becks Beer/Beck's (Alemanha).jpeg,Becks Beer
/content/drive/MyDrive/IBeer.ai/beerClassification/Becks Beer/Addictive Gaming Site.jpeg,Becks Beer
/content/drive/MyDrive/IBeer.ai/beerClassification/Becks Beer/53db94f4-7e8c-443b-9549-a557971709d5.jpeg,Becks Beer
/content/drive/MyDrive/IBeer.ai/beerClassification/Becks Beer/Beck S Beer Bottle 3d Obj.jpeg,Becks Beer
/content/drive/MyDrive/IBeer.ai/beerClassification/Becks Beer/Alemana (1).jpeg,Becks Beer
"/content/drive/MyDrive/IBeer.ai/beerClassification/Becks Beer/Cerveza Becks, es una cerveza rubia alemana estilo‚Ä¶.jpeg",Becks Beer
/content/drive/MyDrive/IBeer.ai/beerClassification/Becks Beer/Beck‚Äôs.jpeg,Becks Beer
/content/drive/MyDrive/IBeer.ai/beerClassification/Becks Beer/Delve (1).jpeg,Becks Beer
/content/drive/MyDrive/IBeer.ai/beerClassification/Becks Beer/d8f654c0-7394-44ae-8cb3-0e803247a84e.jpeg,Becks Beer
/content/drive/MyDrive/IBeer.ai/beerClassification/Becks Beer/Es Becks.jpeg,Becks Beer
"/content/drive/MyDrive/IBeer.ai/beerClassification/Becks Beer/Beck's Blue Alcohol Free German Beer Bottles 24 x 275ml, Case of 24 Beer - British Hypermarket-uk Beck's.jpeg",Becks Beer
/content/drive/MyDrive/IBeer.ai/beerClassification/Becks Beer/Beck‚Äôs‚Ä¶.jpeg,Becks Beer
/content/drive/MyDrive/IBeer.ai/beerClassification/Becks Beer/Beer waiting for _.jpeg,Becks Beer
/content/drive/MyDrive/IBeer.ai/beerClassification/Becks Beer/BECK'S GERMANY.jpeg,Becks Beer
/content/drive/MyDrive/IBeer.ai/beerClassification/Becks Beer/5903fb51-86b3-478b-bf39-2265070d8b39.jpeg,Becks Beer
/content/drive/MyDrive/IBeer.ai/beerClassification/Becks Beer/Beck's Beer (4).jpeg,Becks Beer
/content/drive/MyDrive/IBeer.ai/beerClassification/Becks Beer/Becks Pils 50cl.jpeg,Becks Beer
/content/drive/MyDrive/IBeer.ai/beerClassification/Becks Beer/Lit with HDR Light Studio - Beer bottle by‚Ä¶.jpeg,Becks Beer
/content/drive/MyDrive/IBeer.ai/beerClassification/Becks Beer/c0882e1b-e203-4c7a-803b-171f06d6ca7b.jpeg,Becks Beer
/content/drive/MyDrive/IBeer.ai/beerClassification/Becks Beer/beb6a71f-f3ba-471b-a057-6f7657714d75.jpeg,Becks Beer
/content/drive/MyDrive/IBeer.ai/beerClassification/Becks Beer/Beck's beer copy.jpeg,Becks Beer
/content/drive/MyDrive/IBeer.ai/beerClassification/Becks Beer/Breja copy.jpeg,Becks Beer
/content/drive/MyDrive/IBeer.ai/beerClassification/Becks Beer/_ copy.jpeg,Becks Beer
/content/drive/MyDrive/IBeer.ai/beerClassification/Becks Beer/_ (1) copy.jpeg,Becks Beer
/content/drive/MyDrive/IBeer.ai/beerClassification/Becks Beer/Cerveja Beck‚Äôs.jpeg,Becks Beer
/content/drive/MyDrive/IBeer.ai/beerClassification/Becks Beer/Vue - London Issue 308 Showcase Nov 2011 magazine.jpeg,Becks Beer
/content/drive/MyDrive/IBeer.ai/beerClassification/Becks Beer/Une Petite Mousse.jpeg,Becks Beer
/content/drive/MyDrive/IBeer.ai/beerClassification/Becks Beer/Post Story Distribuidora Cerveja Beck¬¥s Social Media PSD EditaÃÅvel.jpeg,Becks Beer
/content/drive/MyDrive/IBeer.ai/beerClassification/Becks Beer/Post Feed Distribuidora Cerveja Beck¬¥s Social Media PSD EditaÃÅvel.jpeg,Becks Beer
/content/drive/MyDrive/IBeer.ai/beerClassification/Becks Beer/_ (3) copy.jpeg,Becks Beer
/content/drive/MyDrive/IBeer.ai/beerClassification/Stella Artois/Lata de Stella Artois.jpeg,Stella Artois
/content/drive/MyDrive/IBeer.ai/beerClassification/Stella Artois/Stella Artois _ Rob Lawson _ Drinks Photographer.jpeg,Stella Artois
/content/drive/MyDrive/IBeer.ai/beerClassification/Stella Artois/Stella.jpeg,Stella Artois
/content/drive/MyDrive/IBeer.ai/beerClassification/Stella Artois/EUROPEAN PALE LAGER Stella Artois.jpeg,Stella Artois
/content/drive/MyDrive/IBeer.ai/beerClassification/Stella Artois/Stella Artois ¬ÆÔ∏è.jpeg,Stella Artois
/content/drive/MyDrive/IBeer.ai/beerClassification/Stella Artois/_ (3).jpeg,Stella Artois
/content/drive/MyDrive/IBeer.ai/beerClassification/Stella Artois/37b95a45-50cd-459e-b0c9-0a4d34389793.jpeg,Stella Artois
/content/drive/MyDrive/IBeer.ai/beerClassification/Stella Artois/Stella Artois Beer Brinde  foto_ FF.jpeg,Stella Artois
/content/drive/MyDrive/IBeer.ai/beerClassification/Stella Artois/Stella Artois --  Always on hand_ Great beer.jpeg,Stella Artois
/content/drive/MyDrive/IBeer.ai/beerClassification/Stella Artois/Stella Artois.jpeg,Stella Artois
/content/drive/MyDrive/IBeer.ai/beerClassification/Stella Artois/_ (4).jpeg,Stella Artois
/content/drive/MyDrive/IBeer.ai/beerClassification/Stella Artois/_ (5).jpeg,Stella Artois
/content/drive/MyDrive/IBeer.ai/beerClassification/Stella Artois/_ (6).jpeg,Stella Artois
/content/drive/MyDrive/IBeer.ai/beerClassification/Stella Artois/_ (7).jpeg,Stella Artois
/content/drive/MyDrive/IBeer.ai/beerClassification/Stella Artois/_ (8).jpeg,Stella Artois
/content/drive/MyDrive/IBeer.ai/beerClassification/Stella Artois/_ (9).jpeg,Stella Artois
/content/drive/MyDrive/IBeer.ai/beerClassification/Stella Artois/Oh Stella.jpeg,Stella Artois
/content/drive/MyDrive/IBeer.ai/beerClassification/Stella Artois/c8d356ae-41a8-45dc-b804-2b8ce581808f.jpeg,Stella Artois
/content/drive/MyDrive/IBeer.ai/beerClassification/Stella Artois/download.jpeg,Stella Artois
/content/drive/MyDrive/IBeer.ai/beerClassification/Stella Artois/_ (10).jpeg,Stella Artois
/content/drive/MyDrive/IBeer.ai/beerClassification/Stella Artois/_ (11).jpeg,Stella Artois
/content/drive/MyDrive/IBeer.ai/beerClassification/Stella Artois/_ (12).jpeg,Stella Artois
/content/drive/MyDrive/IBeer.ai/beerClassification/Stella Artois/_ (13).jpeg,Stella Artois
"/content/drive/MyDrive/IBeer.ai/beerClassification/Stella Artois/Adoro mis pausas, mis momentos.jpeg",Stella Artois
/content/drive/MyDrive/IBeer.ai/beerClassification/Stella Artois/Una rica cervecita para el calorü•µ.jpeg,Stella Artois
/content/drive/MyDrive/IBeer.ai/beerClassification/Stella Artois/Summer is here.jpeg,Stella Artois
/content/drive/MyDrive/IBeer.ai/beerClassification/Stella Artois/_ (14).jpeg,Stella Artois
/content/drive/MyDrive/IBeer.ai/beerClassification/Stella Artois/_ (15).jpeg,Stella Artois
/content/drive/MyDrive/IBeer.ai/beerClassification/Stella Artois/_ (16).jpeg,Stella Artois
/content/drive/MyDrive/IBeer.ai/beerClassification/Stella Artois/_ (17).jpeg,Stella Artois
/content/drive/MyDrive/IBeer.ai/beerClassification/Stella Artois/_ (18).jpeg,Stella Artois
/content/drive/MyDrive/IBeer.ai/beerClassification/Stella Artois/üç∫.jpeg,Stella Artois
/content/drive/MyDrive/IBeer.ai/beerClassification/Stella Artois/story de cerveja.jpeg,Stella Artois
/content/drive/MyDrive/IBeer.ai/beerClassification/Stella Artois/Salud.jpeg,Stella Artois
/content/drive/MyDrive/IBeer.ai/beerClassification/Stella Artois/Cerveja levinha com a cara do veraÃÉo üåû.jpeg,Stella Artois
/content/drive/MyDrive/IBeer.ai/beerClassification/Stella Artois/beer.jpeg,Stella Artois
/content/drive/MyDrive/IBeer.ai/beerClassification/Stella Artois/stella artois - premium american lager.jpeg,Stella Artois
/content/drive/MyDrive/IBeer.ai/beerClassification/Stella Artois/Stella Artois (1).jpeg,Stella Artois
/content/drive/MyDrive/IBeer.ai/beerClassification/Stella Artois/Stella Artois (2).jpeg,Stella Artois
/content/drive/MyDrive/IBeer.ai/beerClassification/Stella Artois/_ (19).jpeg,Stella Artois
/content/drive/MyDrive/IBeer.ai/beerClassification/Stella Artois/Stella Artois_.jpeg,Stella Artois
/content/drive/MyDrive/IBeer.ai/beerClassification/Stella Artois/VaÃàlkommen.jpeg,Stella Artois
/content/drive/MyDrive/IBeer.ai/beerClassification/Stella Artois/Cerveja Stella Artois 330ml.jpeg,Stella Artois
/content/drive/MyDrive/IBeer.ai/beerClassification/Stella Artois/_ (20).jpeg,Stella Artois
/content/drive/MyDrive/IBeer.ai/beerClassification/Stella Artois/Beer _ stella üíö.jpeg,Stella Artois
/content/drive/MyDrive/IBeer.ai/beerClassification/Stella Artois/Stella Artois (3).jpeg,Stella Artois
/content/drive/MyDrive/IBeer.ai/beerClassification/Stella Artois/Heritage highlighted in Stella Artois pack facelift - PKN Packaging News.jpeg,Stella Artois
/content/drive/MyDrive/IBeer.ai/beerClassification/Stella Artois/_ (21).jpeg,Stella Artois
/content/drive/MyDrive/IBeer.ai/beerClassification/Stella Artois/The Ultimate Guide to Vegan Alcohol.jpeg,Stella Artois
/content/drive/MyDrive/IBeer.ai/beerClassification/Stella Artois/Stella Artois _ Make time for The Life Artois!.jpeg,Stella Artois
/content/drive/MyDrive/IBeer.ai/beerClassification/Stella Artois/Me encantoÃÅ _3.jpeg,Stella Artois
/content/drive/MyDrive/IBeer.ai/beerClassification/Stella Artois/Stella Artois Pilsner Beer.jpeg,Stella Artois
/content/drive/MyDrive/IBeer.ai/beerClassification/Stella Artois/_ (22).jpeg,Stella Artois
/content/drive/MyDrive/IBeer.ai/beerClassification/Stella Artois/_ (23).jpeg,Stella Artois
/content/drive/MyDrive/IBeer.ai/beerClassification/Stella Artois/üçª.jpeg,Stella Artois
/content/drive/MyDrive/IBeer.ai/beerClassification/Stella Artois/story de cerveja (1).jpeg,Stella Artois
/content/drive/MyDrive/IBeer.ai/beerClassification/Stella Artois/Stella Artois (4).jpeg,Stella Artois
/content/drive/MyDrive/IBeer.ai/beerClassification/Stella Artois/_ (24).jpeg,Stella Artois
/content/drive/MyDrive/IBeer.ai/beerClassification/Stella Artois/_ (25).jpeg,Stella Artois
/content/drive/MyDrive/IBeer.ai/beerClassification/Stella Artois/STELLA ARTOIS LAGER ++.jpeg,Stella Artois
/content/drive/MyDrive/IBeer.ai/beerClassification/Stella Artois/_ (26).jpeg,Stella Artois
/content/drive/MyDrive/IBeer.ai/beerClassification/Stella Artois/_ (27).jpeg,Stella Artois
/content/drive/MyDrive/IBeer.ai/beerClassification/Stella Artois/_ (28).jpeg,Stella Artois
/content/drive/MyDrive/IBeer.ai/beerClassification/Stella Artois/_ (29).jpeg,Stella Artois
/content/drive/MyDrive/IBeer.ai/beerClassification/Stella Artois/_ (30).jpeg,Stella Artois
/content/drive/MyDrive/IBeer.ai/beerClassification/Stella Artois/bb5834b5-cbda-4dcc-ae3e-df8ca899f29d.jpeg,Stella Artois
/content/drive/MyDrive/IBeer.ai/beerClassification/Stella Artois/RJ AESTHETIC.jpeg,Stella Artois
/content/drive/MyDrive/IBeer.ai/beerClassification/Stella Artois/_ (31).jpeg,Stella Artois
/content/drive/MyDrive/IBeer.ai/beerClassification/Stella Artois/_ (32).jpeg,Stella Artois
/content/drive/MyDrive/IBeer.ai/beerClassification/Stella Artois/Stella Artois (5).jpeg,Stella Artois
/content/drive/MyDrive/IBeer.ai/beerClassification/Stella Artois/_ (33).jpeg,Stella Artois
/content/drive/MyDrive/IBeer.ai/beerClassification/Stella Artois/Stella artois (6).jpeg,Stella Artois
/content/drive/MyDrive/IBeer.ai/beerClassification/Stella Artois/üáßüá™ Stella Artois_.jpeg,Stella Artois
/content/drive/MyDrive/IBeer.ai/beerClassification/Stella Artois/Stella Artois (7).jpeg,Stella Artois
/content/drive/MyDrive/IBeer.ai/beerClassification/Stella Artois/_ (34).jpeg,Stella Artois
/content/drive/MyDrive/IBeer.ai/beerClassification/Stella Artois/Beer Time.jpeg,Stella Artois
/content/drive/MyDrive/IBeer.ai/beerClassification/Stella Artois/VaÃàlkommen (1).jpeg,Stella Artois
/content/drive/MyDrive/IBeer.ai/beerClassification/Stella Artois/need one right now_.jpeg,Stella Artois
/content/drive/MyDrive/IBeer.ai/beerClassification/Stella Artois/033 Stella Artois.jpeg,Stella Artois
/content/drive/MyDrive/IBeer.ai/beerClassification/Stella Artois/330 Stella Artois.jpeg,Stella Artois
/content/drive/MyDrive/IBeer.ai/beerClassification/Stella Artois/‚òÜ.jpeg,Stella Artois
/content/drive/MyDrive/IBeer.ai/beerClassification/Stella Artois/You see it.jpeg,Stella Artois
/content/drive/MyDrive/IBeer.ai/beerClassification/Stella Artois/üç∫ copy.jpeg,Stella Artois
/content/drive/MyDrive/IBeer.ai/beerClassification/Stella Artois/Stella Artois ¬ÆÔ∏è copy.jpeg,Stella Artois
/content/drive/MyDrive/IBeer.ai/beerClassification/Stella Artois/_.jpeg,Stella Artois
/content/drive/MyDrive/IBeer.ai/beerClassification/Stella Artois/CGI Stella Artois Can.jpeg,Stella Artois
/content/drive/MyDrive/IBeer.ai/beerClassification/Stella Artois/Stella Artois Pint.jpeg,Stella Artois
/content/drive/MyDrive/IBeer.ai/beerClassification/Stella Artois/_ (1).jpeg,Stella Artois
/content/drive/MyDrive/IBeer.ai/beerClassification/Stella Artois/Bamboa Beer.jpeg,Stella Artois
/content/drive/MyDrive/IBeer.ai/beerClassification/Stella Artois/1003886.jpeg,Stella Artois
/content/drive/MyDrive/IBeer.ai/beerClassification/Stella Artois/STELLA ARTOIS copy.jpeg,Stella Artois
/content/drive/MyDrive/IBeer.ai/beerClassification/Stella Artois/Stella Artois Logo PNG Vector (EPS) Free Download.jpeg,Stella Artois
/content/drive/MyDrive/IBeer.ai/beerClassification/Stella Artois/JKR creates ‚Äúelegant‚Äù new structural design for Stella Artois.jpeg,Stella Artois
/content/drive/MyDrive/IBeer.ai/beerClassification/Stella Artois/Stella Artois _ Rob Lawson _ Drinks Photographer copy.jpeg,Stella Artois
/content/drive/MyDrive/IBeer.ai/beerClassification/Asahi Super Dry Beer/Asahi Super Dry Lager 330ml.jpeg,Asahi Super Dry Beer
/content/drive/MyDrive/IBeer.ai/beerClassification/Asahi Super Dry Beer/Asahi Super Dry Draft Beer Bottle (21_4 oz).jpeg,Asahi Super Dry Beer
/content/drive/MyDrive/IBeer.ai/beerClassification/Asahi Super Dry Beer/Asahi Super Dry 0_0% 330mL - 6x330mls.jpeg,Asahi Super Dry Beer
/content/drive/MyDrive/IBeer.ai/beerClassification/Asahi Super Dry Beer/Discover the Art of Home Draft Experience with Asahi Super Dry Nama Jokki in Singapore.jpeg,Asahi Super Dry Beer
"/content/drive/MyDrive/IBeer.ai/beerClassification/Asahi Super Dry Beer/Asahi Super Dry 620ml, Case of 12.jpeg",Asahi Super Dry Beer
/content/drive/MyDrive/IBeer.ai/beerClassification/Asahi Super Dry Beer/_ (3).jpeg,Asahi Super Dry Beer
/content/drive/MyDrive/IBeer.ai/beerClassification/Asahi Super Dry Beer/Cerveza Asahi Super Dry _ Foto GastronoÃÅmica _ Cristina Navarro.jpeg,Asahi Super Dry Beer
/content/drive/MyDrive/IBeer.ai/beerClassification/Asahi Super Dry Beer/Asahi Super Dry BieÃÄre - 5% - 330mL.jpeg,Asahi Super Dry Beer
/content/drive/MyDrive/IBeer.ai/beerClassification/Asahi Super Dry Beer/BieÃÄre Asahi.jpeg,Asahi Super Dry Beer
/content/drive/MyDrive/IBeer.ai/beerClassification/Asahi Super Dry Beer/Asahi Super Dry (Japan) - Japanese Rice Lager.jpeg,Asahi Super Dry Beer
/content/drive/MyDrive/IBeer.ai/beerClassification/Asahi Super Dry Beer/ASAHI SUPER DRY Beer.jpeg,Asahi Super Dry Beer
"/content/drive/MyDrive/IBeer.ai/beerClassification/Asahi Super Dry Beer/Asahi Super Dry - Tokio, Japon.jpeg",Asahi Super Dry Beer
/content/drive/MyDrive/IBeer.ai/beerClassification/Asahi Super Dry Beer/_ (4).jpeg,Asahi Super Dry Beer
/content/drive/MyDrive/IBeer.ai/beerClassification/Asahi Super Dry Beer/_ (5).jpeg,Asahi Super Dry Beer
/content/drive/MyDrive/IBeer.ai/beerClassification/Asahi Super Dry Beer/_ (6).jpeg,Asahi Super Dry Beer
/content/drive/MyDrive/IBeer.ai/beerClassification/Asahi Super Dry Beer/_ (7).jpeg,Asahi Super Dry Beer
/content/drive/MyDrive/IBeer.ai/beerClassification/Asahi Super Dry Beer/Asahi Beer.jpeg,Asahi Super Dry Beer
/content/drive/MyDrive/IBeer.ai/beerClassification/Asahi Super Dry Beer/Asahi.jpeg,Asahi Super Dry Beer
/content/drive/MyDrive/IBeer.ai/beerClassification/Asahi Super Dry Beer/_ (8).jpeg,Asahi Super Dry Beer
/content/drive/MyDrive/IBeer.ai/beerClassification/Asahi Super Dry Beer/Japan's beer shipments hit record low in 2018 - The Drinks Business.jpeg,Asahi Super Dry Beer
/content/drive/MyDrive/IBeer.ai/beerClassification/Asahi Super Dry Beer/lettstudio.jpeg,Asahi Super Dry Beer
/content/drive/MyDrive/IBeer.ai/beerClassification/Asahi Super Dry Beer/Asahi (1).jpeg,Asahi Super Dry Beer
/content/drive/MyDrive/IBeer.ai/beerClassification/Asahi Super Dry Beer/Japan's Asahi 'in Peroni bid' - The Drinks Business.jpeg,Asahi Super Dry Beer
/content/drive/MyDrive/IBeer.ai/beerClassification/Asahi Super Dry Beer/_ (9).jpeg,Asahi Super Dry Beer
/content/drive/MyDrive/IBeer.ai/beerClassification/Asahi Super Dry Beer/ASAHI SUPER DRY Beer (1).jpeg,Asahi Super Dry Beer
/content/drive/MyDrive/IBeer.ai/beerClassification/Asahi Super Dry Beer/„Éã„É•„Éº„Çπ„É™„É™„Éº„Çπ„ÄÄ2018Âπ¥8Êúà23Êó•ÔΩú„Ç¢„Çµ„Éí„Éí„Çô„Éº„É´.jpeg,Asahi Super Dry Beer
/content/drive/MyDrive/IBeer.ai/beerClassification/Asahi Super Dry Beer/„Äê„Åµ„Çã„Åï„Å®Á¥çÁ®é„Äë„Éí„Çô„Éº„É´ „Ç¢„Çµ„Éí „Çπ„Éº„Éè„Çö„Éº„Éà„Çô„É©„Ç§ Superdry 350ml 24Êú¨ 1„Ç±„Éº„Çπ „Äê„Éí„Çô„Éº„É´„ÉªÁô∫Ê≥°ÈÖí Áº∂„Éí„Çô„Éº„É´ „Åä„Åô„Åô„ÇÅ ‰∫∫Ê∞ó „Ç≠„Çô„Éï„Éà ÂÜÖÁ•ù„ÅÑ „ÅäÊ≠≥ÊöÆ asahi Á•ûÂ•àÂ∑ùÁúå ÂçóË∂≥ÊüÑÂ∏Ç „Äë.jpeg,Asahi Super Dry Beer
/content/drive/MyDrive/IBeer.ai/beerClassification/Asahi Super Dry Beer/„Éí„Çô„Éº„É´ÊâπË©ï.jpeg,Asahi Super Dry Beer
/content/drive/MyDrive/IBeer.ai/beerClassification/Asahi Super Dry Beer/Asahi Super Dry (Japan) - Japanese Rice Lager (1).jpeg,Asahi Super Dry Beer
/content/drive/MyDrive/IBeer.ai/beerClassification/Asahi Super Dry Beer/Asahi Beer CGI.jpeg,Asahi Super Dry Beer
/content/drive/MyDrive/IBeer.ai/beerClassification/Asahi Super Dry Beer/ASAHI SUPER DRY Beer (2).jpeg,Asahi Super Dry Beer
/content/drive/MyDrive/IBeer.ai/beerClassification/Asahi Super Dry Beer/Cerveza Asahi Super Dry _ Foto GastronoÃÅmica _ Cristina Navarro (1).jpeg,Asahi Super Dry Beer
/content/drive/MyDrive/IBeer.ai/beerClassification/Asahi Super Dry Beer/ponja.jpeg,Asahi Super Dry Beer
/content/drive/MyDrive/IBeer.ai/beerClassification/Asahi Super Dry Beer/„Éã„É•„Éº„Çπ„É™„É™„Éº„Çπ„ÄÄ2015Âπ¥4Êúà23Êó•ÔΩú„Ç¢„Çµ„Éí„Éí„Çô„Éº„É´.jpeg,Asahi Super Dry Beer
/content/drive/MyDrive/IBeer.ai/beerClassification/Asahi Super Dry Beer/Asahi _ #Japan #Beer.jpeg,Asahi Super Dry Beer
/content/drive/MyDrive/IBeer.ai/beerClassification/Asahi Super Dry Beer/Asahi!.jpeg,Asahi Super Dry Beer
"/content/drive/MyDrive/IBeer.ai/beerClassification/Asahi Super Dry Beer/Asahi super dry -- Sympa, mais assez quelconque_.jpeg",Asahi Super Dry Beer
/content/drive/MyDrive/IBeer.ai/beerClassification/Asahi Super Dry Beer/Asahi beer!.jpeg,Asahi Super Dry Beer
/content/drive/MyDrive/IBeer.ai/beerClassification/Asahi Super Dry Beer/4_01_22 voltereta kyoto.jpeg,Asahi Super Dry Beer
/content/drive/MyDrive/IBeer.ai/beerClassification/Asahi Super Dry Beer/asahi beer (1).jpeg,Asahi Super Dry Beer
/content/drive/MyDrive/IBeer.ai/beerClassification/Asahi Super Dry Beer/_ (10).jpeg,Asahi Super Dry Beer
/content/drive/MyDrive/IBeer.ai/beerClassification/Asahi Super Dry Beer/im ok_.jpeg,Asahi Super Dry Beer
/content/drive/MyDrive/IBeer.ai/beerClassification/Asahi Super Dry Beer/Japanese beer.jpeg,Asahi Super Dry Beer
/content/drive/MyDrive/IBeer.ai/beerClassification/Asahi Super Dry Beer/_ (11).jpeg,Asahi Super Dry Beer
/content/drive/MyDrive/IBeer.ai/beerClassification/Asahi Super Dry Beer/_ (12).jpeg,Asahi Super Dry Beer
/content/drive/MyDrive/IBeer.ai/beerClassification/Asahi Super Dry Beer/_ (13).jpeg,Asahi Super Dry Beer
/content/drive/MyDrive/IBeer.ai/beerClassification/Asahi Super Dry Beer/_ (14).jpeg,Asahi Super Dry Beer
/content/drive/MyDrive/IBeer.ai/beerClassification/Asahi Super Dry Beer/Asadito beer.jpeg,Asahi Super Dry Beer
/content/drive/MyDrive/IBeer.ai/beerClassification/Asahi Super Dry Beer/Asahi beer (2).jpeg,Asahi Super Dry Beer
/content/drive/MyDrive/IBeer.ai/beerClassification/Asahi Super Dry Beer/ASAHI (2).jpeg,Asahi Super Dry Beer
/content/drive/MyDrive/IBeer.ai/beerClassification/Asahi Super Dry Beer/Japanese beer_.jpeg,Asahi Super Dry Beer
/content/drive/MyDrive/IBeer.ai/beerClassification/Asahi Super Dry Beer/Moments.jpeg,Asahi Super Dry Beer
/content/drive/MyDrive/IBeer.ai/beerClassification/Asahi Super Dry Beer/_ (15).jpeg,Asahi Super Dry Beer
/content/drive/MyDrive/IBeer.ai/beerClassification/Asahi Super Dry Beer/‚Äúmorning sun‚Äù.jpeg,Asahi Super Dry Beer
/content/drive/MyDrive/IBeer.ai/beerClassification/Asahi Super Dry Beer/_ (16).jpeg,Asahi Super Dry Beer
/content/drive/MyDrive/IBeer.ai/beerClassification/Asahi Super Dry Beer/Asahi (3).jpeg,Asahi Super Dry Beer
/content/drive/MyDrive/IBeer.ai/beerClassification/Asahi Super Dry Beer/_ (17).jpeg,Asahi Super Dry Beer
/content/drive/MyDrive/IBeer.ai/beerClassification/Asahi Super Dry Beer/Asahi beer_.jpeg,Asahi Super Dry Beer
/content/drive/MyDrive/IBeer.ai/beerClassification/Asahi Super Dry Beer/_ (18).jpeg,Asahi Super Dry Beer
/content/drive/MyDrive/IBeer.ai/beerClassification/Asahi Super Dry Beer/_ (19).jpeg,Asahi Super Dry Beer
/content/drive/MyDrive/IBeer.ai/beerClassification/Asahi Super Dry Beer/_ (20).jpeg,Asahi Super Dry Beer
/content/drive/MyDrive/IBeer.ai/beerClassification/Asahi Super Dry Beer/04_03  Âæ°ÈñãÂ∏≥.jpeg,Asahi Super Dry Beer
/content/drive/MyDrive/IBeer.ai/beerClassification/Asahi Super Dry Beer/Asahi Super Dry's biggest beer can_! JTM Photo No_64.jpeg,Asahi Super Dry Beer
/content/drive/MyDrive/IBeer.ai/beerClassification/Asahi Super Dry Beer/9763929d-2faa-4e4e-855b-2d463d457428.jpeg,Asahi Super Dry Beer
/content/drive/MyDrive/IBeer.ai/beerClassification/Asahi Super Dry Beer/_.jpeg,Asahi Super Dry Beer
/content/drive/MyDrive/IBeer.ai/beerClassification/Asahi Super Dry Beer/Asahi Super Dry 0_0% _ DeÃÅcouvrez le lancement international de la bieÃÄre sans alcool japonaise.jpeg,Asahi Super Dry Beer
/content/drive/MyDrive/IBeer.ai/beerClassification/Asahi Super Dry Beer/Asahi copy.jpeg,Asahi Super Dry Beer
/content/drive/MyDrive/IBeer.ai/beerClassification/Asahi Super Dry Beer/_ (1).jpeg,Asahi Super Dry Beer
/content/drive/MyDrive/IBeer.ai/beerClassification/Asahi Super Dry Beer/Asahi _dry_.jpeg,Asahi Super Dry Beer
/content/drive/MyDrive/IBeer.ai/beerClassification/Asahi Super Dry Beer/_ (2).jpeg,Asahi Super Dry Beer
/content/drive/MyDrive/IBeer.ai/beerClassification/Asahi Super Dry Beer/_ (3) copy.jpeg,Asahi Super Dry Beer
/content/drive/MyDrive/IBeer.ai/beerClassification/Asahi Super Dry Beer/Asahi (1) copy.jpeg,Asahi Super Dry Beer
/content/drive/MyDrive/IBeer.ai/beerClassification/Asahi Super Dry Beer/Asahi copy 2.jpeg,Asahi Super Dry Beer
/content/drive/MyDrive/IBeer.ai/beerClassification/Asahi Super Dry Beer/Asahi Super Dry (Japan).jpeg,Asahi Super Dry Beer
/content/drive/MyDrive/IBeer.ai/beerClassification/Asahi Super Dry Beer/Promotional photography of Asahi Super Dry Beer in the studio in Canterbury_.jpeg,Asahi Super Dry Beer
/content/drive/MyDrive/IBeer.ai/beerClassification/Asahi Super Dry Beer/_ copy.jpeg,Asahi Super Dry Beer
/content/drive/MyDrive/IBeer.ai/beerClassification/Asahi Super Dry Beer/Draft Beer At Home_  Asahi‚Äôs Foam-Generating Cans Are Beer Lovers‚Äô Dream Come True.jpeg,Asahi Super Dry Beer
/content/drive/MyDrive/IBeer.ai/beerClassification/Asahi Super Dry Beer/Asahi (1) copy 2.jpeg,Asahi Super Dry Beer
/content/drive/MyDrive/IBeer.ai/beerClassification/Asahi Super Dry Beer/_ (1) copy.jpeg,Asahi Super Dry Beer
/content/drive/MyDrive/IBeer.ai/beerClassification/Asahi Super Dry Beer/Asahi_ stop bottling Stanley's water.jpeg,Asahi Super Dry Beer
/content/drive/MyDrive/IBeer.ai/beerClassification/Asahi Super Dry Beer/Asahi ambitious for more acquisitions despite European buying spree.jpeg,Asahi Super Dry Beer
/content/drive/MyDrive/IBeer.ai/beerClassification/Asahi Super Dry Beer/Asahi Beer CGI copy.jpeg,Asahi Super Dry Beer
/content/drive/MyDrive/IBeer.ai/beerClassification/Asahi Super Dry Beer/Asahi Super Dry (Japan) (1).jpeg,Asahi Super Dry Beer
/content/drive/MyDrive/IBeer.ai/beerClassification/Asahi Super Dry Beer/Asahi (2) copy.jpeg,Asahi Super Dry Beer
/content/drive/MyDrive/IBeer.ai/beerClassification/Asahi Super Dry Beer/„Éã„É•„Éº„Çπ„É™„É™„Éº„Çπ„ÄÄ2018Âπ¥4Êúà10Êó•ÔΩú„Ç¢„Çµ„Éí„Éí„Çô„Éº„É´.jpeg,Asahi Super Dry Beer
/content/drive/MyDrive/IBeer.ai/beerClassification/Asahi Super Dry Beer/„Éã„É•„Éº„Çπ„É™„É™„Éº„Çπ„ÄÄ2018Âπ¥6Êúà1Êó•ÔΩú„Ç¢„Çµ„Éí„Éí„Çô„Éº„É´.jpeg,Asahi Super Dry Beer
/content/drive/MyDrive/IBeer.ai/beerClassification/Asahi Super Dry Beer/„Éã„É•„Éº„Çπ„É™„É™„Éº„Çπ„ÄÄ2018Âπ¥6Êúà12Êó•ÔΩú„Ç¢„Çµ„Éí„Éí„Çô„Éº„É´.jpeg,Asahi Super Dry Beer
/content/drive/MyDrive/IBeer.ai/beerClassification/Asahi Super Dry Beer/„Éã„É•„Éº„Çπ„É™„É™„Éº„Çπ„ÄÄ2018Âπ¥5Êúà14Êó•ÔΩú„Ç¢„Çµ„Éí„Éí„Çô„Éº„É´.jpeg,Asahi Super Dry Beer
/content/drive/MyDrive/IBeer.ai/beerClassification/Asahi Super Dry Beer/„Éã„É•„Éº„Çπ„É™„É™„Éº„Çπ„ÄÄ2018Âπ¥6Êúà18Êó•ÔΩú„Ç¢„Çµ„Éí„Éí„Çô„Éº„É´.jpeg,Asahi Super Dry Beer
/content/drive/MyDrive/IBeer.ai/beerClassification/Asahi Super Dry Beer/„Éã„É•„Éº„Çπ„É™„É™„Éº„Çπ„ÄÄ2017Âπ¥9Êúà25Êó•ÔΩú„Ç¢„Çµ„Éí„Éí„Çô„Éº„É´.jpeg,Asahi Super Dry Beer
/content/drive/MyDrive/IBeer.ai/beerClassification/Asahi Super Dry Beer/„Éã„É•„Éº„Çπ„É™„É™„Éº„Çπ„ÄÄ2018Âπ¥4Êúà13Êó•ÔΩú„Ç¢„Çµ„Éí„Éí„Çô„Éº„É´.jpeg,Asahi Super Dry Beer
/content/drive/MyDrive/IBeer.ai/beerClassification/Asahi Super Dry Beer/„Éã„É•„Éº„Çπ„É™„É™„Éº„Çπ„ÄÄ2018Âπ¥3Êúà19Êó•ÔΩú„Ç¢„Çµ„Éí„Éí„Çô„Éº„É´.jpeg,Asahi Super Dry Beer
/content/drive/MyDrive/IBeer.ai/beerClassification/Tiger Beer/Tiger Beer.jpeg,Tiger Beer
/content/drive/MyDrive/IBeer.ai/beerClassification/Tiger Beer/Tiger Beer - India Launch Ad.jpeg,Tiger Beer
/content/drive/MyDrive/IBeer.ai/beerClassification/Tiger Beer/Tiger Beer (1).jpeg,Tiger Beer
/content/drive/MyDrive/IBeer.ai/beerClassification/Tiger Beer/Disappearing Tiger _              Jones Knowles Ritchie  _                   Tiger Beer _          D&AD Awards 2018 Pencil Winner _     Consumer Packaging Design.jpeg,Tiger Beer
"/content/drive/MyDrive/IBeer.ai/beerClassification/Tiger Beer/Tiger Beer , Kuala Lumpur , Malaysia.jpeg",Tiger Beer
"/content/drive/MyDrive/IBeer.ai/beerClassification/Tiger Beer/Tiger Beer, Pale Lager 5,0% ABV (Singapore Brewery (Asia Pacific Breweries-Heineken), Singapur).jpeg",Tiger Beer
/content/drive/MyDrive/IBeer.ai/beerClassification/Tiger Beer/_.jpeg,Tiger Beer
/content/drive/MyDrive/IBeer.ai/beerClassification/Tiger Beer/Tiger Beer Celebrates 2017 Lunar New Year.jpeg,Tiger Beer
/content/drive/MyDrive/IBeer.ai/beerClassification/Tiger Beer/„Çø„Ç§„Ç´„Çô„Éº _ Êó•Êú¨„Éí„Çô„Éº„É´Ê†™Âºè‰ºöÁ§æ.jpeg,Tiger Beer
/content/drive/MyDrive/IBeer.ai/beerClassification/Tiger Beer/ConhecÃßa a cerveja com mais garra do mercado _ Tiger.jpeg,Tiger Beer
/content/drive/MyDrive/IBeer.ai/beerClassification/Tiger Beer/Cerveja Tiger amplia distribuicÃßaÃÉo e muda embalagem - EmbalagemMarca.jpeg,Tiger Beer
/content/drive/MyDrive/IBeer.ai/beerClassification/Tiger Beer/_ (1).jpeg,Tiger Beer
"/content/drive/MyDrive/IBeer.ai/beerClassification/Tiger Beer/Tiger beer, Bangkok, ThaiÃàland.jpeg",Tiger Beer
/content/drive/MyDrive/IBeer.ai/beerClassification/Tiger Beer/Tiger Beer splashes.jpeg,Tiger Beer
/content/drive/MyDrive/IBeer.ai/beerClassification/Tiger Beer/_ (2).jpeg,Tiger Beer
"/content/drive/MyDrive/IBeer.ai/beerClassification/Tiger Beer/Tiger Beer , Kuala Lumpur , Malaysia (1).jpeg",Tiger Beer
/content/drive/MyDrive/IBeer.ai/beerClassification/Tiger Beer/Tiger beer in Singapore.jpeg,Tiger Beer
/content/drive/MyDrive/IBeer.ai/beerClassification/Tiger Beer/Tiger beer (2).jpeg,Tiger Beer
/content/drive/MyDrive/IBeer.ai/beerClassification/Tiger Beer/Tiger.jpeg,Tiger Beer
/content/drive/MyDrive/IBeer.ai/beerClassification/Tiger Beer/Tiger (1).jpeg,Tiger Beer
/content/drive/MyDrive/IBeer.ai/beerClassification/Tiger Beer/phuongnguyen19.jpeg,Tiger Beer
/content/drive/MyDrive/IBeer.ai/beerClassification/Tiger Beer/Cool tiger beer on a hot night.jpeg,Tiger Beer
/content/drive/MyDrive/IBeer.ai/beerClassification/Tiger Beer/Tiger Beer (3).jpeg,Tiger Beer
/content/drive/MyDrive/IBeer.ai/beerClassification/Tiger Beer/Cop ghi nguoÃÇÃÄn.jpeg,Tiger Beer
/content/drive/MyDrive/IBeer.ai/beerClassification/Tiger Beer/fc83e0cc-9a84-443d-be24-fb280a1617e4.jpeg,Tiger Beer
/content/drive/MyDrive/IBeer.ai/beerClassification/Tiger Beer/_ (3).jpeg,Tiger Beer
/content/drive/MyDrive/IBeer.ai/beerClassification/Tiger Beer/23f22522-e197-4ee3-866c-b8445165bbe3.jpeg,Tiger Beer
/content/drive/MyDrive/IBeer.ai/beerClassification/Tiger Beer/_ (4).jpeg,Tiger Beer
/content/drive/MyDrive/IBeer.ai/beerClassification/Tiger Beer/_ (5).jpeg,Tiger Beer
/content/drive/MyDrive/IBeer.ai/beerClassification/Tiger Beer/beer.jpeg,Tiger Beer
/content/drive/MyDrive/IBeer.ai/beerClassification/Tiger Beer/_ (6).jpeg,Tiger Beer
/content/drive/MyDrive/IBeer.ai/beerClassification/Tiger Beer/_ (7).jpeg,Tiger Beer
/content/drive/MyDrive/IBeer.ai/beerClassification/Tiger Beer/üçªüç∫.jpeg,Tiger Beer
/content/drive/MyDrive/IBeer.ai/beerClassification/Tiger Beer/86a457d7-e09e-41a8-aee5-57c912d0b548.jpeg,Tiger Beer
/content/drive/MyDrive/IBeer.ai/beerClassification/Tiger Beer/ddcc9bec-1b50-4944-b4f6-f35b124114e3.jpeg,Tiger Beer
/content/drive/MyDrive/IBeer.ai/beerClassification/Tiger Beer/_ (8).jpeg,Tiger Beer
/content/drive/MyDrive/IBeer.ai/beerClassification/Tiger Beer/_ (9).jpeg,Tiger Beer
/content/drive/MyDrive/IBeer.ai/beerClassification/Tiger Beer/Cerveja Tiger eÃÅ a nova aposta da Heineken no mercado brasileiro de puro malte.jpeg,Tiger Beer
"/content/drive/MyDrive/IBeer.ai/beerClassification/Tiger Beer/Cerveja Tiger, a puro malte de Singapura, anuncia expansaÃÉo nacional  ‚Äî Beer Art - Portal da CERVEJA.jpeg",Tiger Beer
/content/drive/MyDrive/IBeer.ai/beerClassification/Tiger Beer/tiger beer copy.jpeg,Tiger Beer
/content/drive/MyDrive/IBeer.ai/beerClassification/Tiger Beer/Tiger silver.jpeg,Tiger Beer
/content/drive/MyDrive/IBeer.ai/beerClassification/Tiger Beer/_ copy.jpeg,Tiger Beer
/content/drive/MyDrive/IBeer.ai/beerClassification/Tiger Beer/Cerveja Tiger comecÃßa a ser vendida pela Heineken no Brasil - Jornal Pequeno.jpeg,Tiger Beer
/content/drive/MyDrive/IBeer.ai/beerClassification/Tiger Beer/Tiger Crystal Beer 10000 FREE Beer Giveaway - Full Details.jpeg,Tiger Beer
/content/drive/MyDrive/IBeer.ai/beerClassification/Tiger Beer/Tiger Crystal Beer 10000 FREE Beer Giveaway - Full Details (1).jpeg,Tiger Beer
/content/drive/MyDrive/IBeer.ai/beerClassification/Tiger Beer/Tiger Beer @ Singapore.jpeg,Tiger Beer
/content/drive/MyDrive/IBeer.ai/beerClassification/Tiger Beer/Tiger Beer @ Singapore (1).jpeg,Tiger Beer
/content/drive/MyDrive/IBeer.ai/beerClassification/Tiger Beer/Tiger Beer (1) copy.jpeg,Tiger Beer
/content/drive/MyDrive/IBeer.ai/beerClassification/Tiger Beer/454_ Asia Pacific Breweries - Tiger Beer - 1000 Beers.jpeg,Tiger Beer
"/content/drive/MyDrive/IBeer.ai/beerClassification/Tiger Beer/Bagan,  Myanmar - Tiger.jpeg",Tiger Beer
/content/drive/MyDrive/IBeer.ai/beerClassification/Tiger Beer/Tiger Beer (2) copy.jpeg,Tiger Beer
/content/drive/MyDrive/IBeer.ai/beerClassification/Tiger Beer/Tiger beer (3) copy.jpeg,Tiger Beer
/content/drive/MyDrive/IBeer.ai/beerClassification/Tiger Beer/Tiger Beer (4).jpeg,Tiger Beer
/content/drive/MyDrive/IBeer.ai/beerClassification/Tiger Beer/_ (1) copy.jpeg,Tiger Beer
/content/drive/MyDrive/IBeer.ai/beerClassification/Tiger Beer/Tiger Beer (5).jpeg,Tiger Beer
/content/drive/MyDrive/IBeer.ai/beerClassification/Tiger Beer/Cerveja Tiger eÃÅ a nova aposta da Heineken no mercado brasileiro de puro malte copy.jpeg,Tiger Beer
"/content/drive/MyDrive/IBeer.ai/beerClassification/Tiger Beer/Tiger Beer - Thong Nai Pan Noi Beach, Ko Phangan‚Ä¶.jpeg",Tiger Beer
/content/drive/MyDrive/IBeer.ai/beerClassification/Tiger Beer/7bf69eb2-7063-4cd4-833e-3be2c441a05b.jpeg,Tiger Beer
/content/drive/MyDrive/IBeer.ai/beerClassification/Tiger Beer/af3aac87-791f-453b-b6ba-2cea56c4626b.jpeg,Tiger Beer
/content/drive/MyDrive/IBeer.ai/beerClassification/Tiger Beer/f09afeec-9c3a-4ad2-b275-b1038f4693aa.jpeg,Tiger Beer
/content/drive/MyDrive/IBeer.ai/beerClassification/Tiger Beer/Singapore - Tiger.jpeg,Tiger Beer
/content/drive/MyDrive/IBeer.ai/beerClassification/Tiger Beer/98d65f38-c6f3-4417-bf24-c673f402dcea.jpeg,Tiger Beer
/content/drive/MyDrive/IBeer.ai/beerClassification/Tiger Beer/Do Oriente ao Ocidente ‚Äì A AscensaÃÉo Global da Cerveja Tiger.jpeg,Tiger Beer
/content/drive/MyDrive/IBeer.ai/beerClassification/Tiger Beer/Tiger beer (6).jpeg,Tiger Beer
/content/drive/MyDrive/IBeer.ai/beerClassification/Tiger Beer/Album Archive.jpeg,Tiger Beer
/content/drive/MyDrive/IBeer.ai/beerClassification/Tiger Beer/Tiger Bui vien streer.jpeg,Tiger Beer
/content/drive/MyDrive/IBeer.ai/beerClassification/Tiger Beer/Brevemente vou fazer um artigo sobre as melhores‚Ä¶.jpeg,Tiger Beer
/content/drive/MyDrive/IBeer.ai/beerClassification/Tiger Beer/üò¥üò¥.jpeg,Tiger Beer
/content/drive/MyDrive/IBeer.ai/beerClassification/Tiger Beer/cbb44ccc-5e72-492d-a019-cbcc304e4b85.jpeg,Tiger Beer
/content/drive/MyDrive/IBeer.ai/beerClassification/Tiger Beer/Tiger Beer Campaign.jpeg,Tiger Beer
/content/drive/MyDrive/IBeer.ai/beerClassification/Tiger Beer/Time to take down and tame the Tiger(s)_.jpeg,Tiger Beer
/content/drive/MyDrive/IBeer.ai/beerClassification/Tiger Beer/beer ‚Äì Jetwashphotos_com.jpeg,Tiger Beer
"/content/drive/MyDrive/IBeer.ai/beerClassification/Tiger Beer/Tiger Lager Beer, Roaring!!!.jpeg",Tiger Beer
/content/drive/MyDrive/IBeer.ai/beerClassification/Tiger Beer/Content Creators _ Creatively Squared.jpeg,Tiger Beer
"/content/drive/MyDrive/IBeer.ai/beerClassification/Tiger Beer/Ginger & Spice, Neutral Bay.jpeg",Tiger Beer
/content/drive/MyDrive/IBeer.ai/beerClassification/Tiger Beer/neon.jpeg,Tiger Beer
/content/drive/MyDrive/IBeer.ai/beerClassification/Tiger Beer/Tiger Crystal Beer 10000 FREE Beer Giveaway - Full Details copy.jpeg,Tiger Beer
/content/drive/MyDrive/IBeer.ai/beerClassification/Tiger Beer/Cerveja Tiger eÃÅ a nova aposta da Heineken no mercado brasileiro de puro malte copy 2.jpeg,Tiger Beer
/content/drive/MyDrive/IBeer.ai/beerClassification/Tiger Beer/Tiger silver copy.jpeg,Tiger Beer
"/content/drive/MyDrive/IBeer.ai/beerClassification/Tiger Beer/Heineken traz ao Brasil Tiger, uma de suas principais marcas globais - EmbalagemMarca.jpeg",Tiger Beer
/content/drive/MyDrive/IBeer.ai/beerClassification/Tiger Beer/Tiger Crystal Beer 10000 FREE Beer Giveaway - Full Details (1) copy.jpeg,Tiger Beer
/content/drive/MyDrive/IBeer.ai/beerClassification/Tiger Beer/_ copy 2.jpeg,Tiger Beer
/content/drive/MyDrive/IBeer.ai/beerClassification/Tiger Beer/_ (1) copy 2.jpeg,Tiger Beer
"/content/drive/MyDrive/IBeer.ai/beerClassification/Tiger Beer/Tiger Beer, Pale Lager 5,0% ABV (Singapore Brewery (Asia Pacific Breweries-Heineken), Singapur) copy.jpeg",Tiger Beer
/content/drive/MyDrive/IBeer.ai/beerClassification/Tiger Beer/„Çø„Ç§„Ç´„Çô„Éº _ Êó•Êú¨„Éí„Çô„Éº„É´Ê†™Âºè‰ºöÁ§æ copy.jpeg,Tiger Beer
/content/drive/MyDrive/IBeer.ai/beerClassification/Tiger Beer/Tiger Beer - India Launch Ad copy.jpeg,Tiger Beer
/content/drive/MyDrive/IBeer.ai/beerClassification/Tiger Beer/_ (2) copy.jpeg,Tiger Beer
/content/drive/MyDrive/IBeer.ai/beerClassification/Tiger Beer/Tiger Beer Celebrates 2017 Lunar New Year copy.jpeg,Tiger Beer
/content/drive/MyDrive/IBeer.ai/beerClassification/Tiger Beer/147 Tiger.jpeg,Tiger Beer
/content/drive/MyDrive/IBeer.ai/beerClassification/Tiger Beer/Disappearing Tiger _              Jones Knowles Ritchie  _                   Tiger Beer _          D&AD Awards 2018 Pencil Winner _     Consumer Packaging Design copy.jpeg,Tiger Beer
/content/drive/MyDrive/IBeer.ai/beerClassification/Tiger Beer/Here's Why You Should Be Drinking Korean Soju Right Now.jpeg,Tiger Beer
/content/drive/MyDrive/IBeer.ai/beerClassification/Tiger Beer/Tiger - Lager Beer.jpeg,Tiger Beer
/content/drive/MyDrive/IBeer.ai/beerClassification/Tuborg Beer/_.jpeg,Tuborg Beer
/content/drive/MyDrive/IBeer.ai/beerClassification/Tuborg Beer/üç∫ beer_.jpeg,Tuborg Beer
/content/drive/MyDrive/IBeer.ai/beerClassification/Tuborg Beer/U are Amazing (lUareAmazingl) - Profile _ Pinterest.jpeg,Tuborg Beer
/content/drive/MyDrive/IBeer.ai/beerClassification/Tuborg Beer/_ (1).jpeg,Tuborg Beer
/content/drive/MyDrive/IBeer.ai/beerClassification/Tuborg Beer/_ (2).jpeg,Tuborg Beer
/content/drive/MyDrive/IBeer.ai/beerClassification/Tuborg Beer/tuborg beer üç∫.jpeg,Tuborg Beer
/content/drive/MyDrive/IBeer.ai/beerClassification/Tuborg Beer/_ (3).jpeg,Tuborg Beer
/content/drive/MyDrive/IBeer.ai/beerClassification/Tuborg Beer/Tuborg.jpeg,Tuborg Beer
/content/drive/MyDrive/IBeer.ai/beerClassification/Tuborg Beer/Beer Tuborg #Beer.jpeg,Tuborg Beer
/content/drive/MyDrive/IBeer.ai/beerClassification/Tuborg Beer/PRODUCT.jpeg,Tuborg Beer
/content/drive/MyDrive/IBeer.ai/beerClassification/Tuborg Beer/tuborg √∏l.jpeg,Tuborg Beer
/content/drive/MyDrive/IBeer.ai/beerClassification/Tuborg Beer/TUBORG BEER üçæ_STRONG BEER PHOTOGRAPHY.jpeg,Tuborg Beer
/content/drive/MyDrive/IBeer.ai/beerClassification/Tuborg Beer/Beer üç∫.jpeg,Tuborg Beer
/content/drive/MyDrive/IBeer.ai/beerClassification/Tuborg Beer/Beer üç∫ (1).jpeg,Tuborg Beer
/content/drive/MyDrive/IBeer.ai/beerClassification/Tuborg Beer/üçª.jpeg,Tuborg Beer
/content/drive/MyDrive/IBeer.ai/beerClassification/Tuborg Beer/Bia Tuborg 4_9% - Lon 330ml - ThuÃÄng 24 Lon.jpeg,Tuborg Beer
/content/drive/MyDrive/IBeer.ai/beerClassification/Tuborg Beer/Tuborg Beer üç∫ (1).jpeg,Tuborg Beer
/content/drive/MyDrive/IBeer.ai/beerClassification/Tuborg Beer/Tuborg (1).jpeg,Tuborg Beer
/content/drive/MyDrive/IBeer.ai/beerClassification/Tuborg Beer/Tuborg (2).jpeg,Tuborg Beer
/content/drive/MyDrive/IBeer.ai/beerClassification/Tuborg Beer/U are Amazing (lUareAmazingl) - Profile _ Pinterest (1).jpeg,Tuborg Beer
/content/drive/MyDrive/IBeer.ai/beerClassification/Tuborg Beer/Turner Duckworth.jpeg,Tuborg Beer
/content/drive/MyDrive/IBeer.ai/beerClassification/Tuborg Beer/Relax üç∫.jpeg,Tuborg Beer
/content/drive/MyDrive/IBeer.ai/beerClassification/Tuborg Beer/BASIC.jpeg,Tuborg Beer
/content/drive/MyDrive/IBeer.ai/beerClassification/Tuborg Beer/_ (4).jpeg,Tuborg Beer
/content/drive/MyDrive/IBeer.ai/beerClassification/Tuborg Beer/üçª (1).jpeg,Tuborg Beer
/content/drive/MyDrive/IBeer.ai/beerClassification/Tuborg Beer/Beer üç∫ (2).jpeg,Tuborg Beer
/content/drive/MyDrive/IBeer.ai/beerClassification/Tuborg Beer/üç∫.jpeg,Tuborg Beer
/content/drive/MyDrive/IBeer.ai/beerClassification/Tuborg Beer/Tuborg beer üçª.jpeg,Tuborg Beer
/content/drive/MyDrive/IBeer.ai/beerClassification/Tuborg Beer/_ (5).jpeg,Tuborg Beer
/content/drive/MyDrive/IBeer.ai/beerClassification/Tuborg Beer/_ (6).jpeg,Tuborg Beer
/content/drive/MyDrive/IBeer.ai/beerClassification/Tuborg Beer/_ (7).jpeg,Tuborg Beer
/content/drive/MyDrive/IBeer.ai/beerClassification/Tuborg Beer/_ (8).jpeg,Tuborg Beer
/content/drive/MyDrive/IBeer.ai/beerClassification/Tuborg Beer/_ (9).jpeg,Tuborg Beer
/content/drive/MyDrive/IBeer.ai/beerClassification/Tuborg Beer/never ending love.jpeg,Tuborg Beer
/content/drive/MyDrive/IBeer.ai/beerClassification/Tuborg Beer/_ (10).jpeg,Tuborg Beer
/content/drive/MyDrive/IBeer.ai/beerClassification/Tuborg Beer/Tuborg Green.jpeg,Tuborg Beer
/content/drive/MyDrive/IBeer.ai/beerClassification/Tuborg Beer/_ (11).jpeg,Tuborg Beer
/content/drive/MyDrive/IBeer.ai/beerClassification/Tuborg Beer/_ (12).jpeg,Tuborg Beer
/content/drive/MyDrive/IBeer.ai/beerClassification/Tuborg Beer/_ (13).jpeg,Tuborg Beer
/content/drive/MyDrive/IBeer.ai/beerClassification/Tuborg Beer/nasha drink.jpeg,Tuborg Beer
/content/drive/MyDrive/IBeer.ai/beerClassification/Tuborg Beer/_ (14).jpeg,Tuborg Beer
/content/drive/MyDrive/IBeer.ai/beerClassification/Tuborg Beer/_ (15).jpeg,Tuborg Beer
/content/drive/MyDrive/IBeer.ai/beerClassification/Tuborg Beer/tuborg green #copenhagen #denmark #beer.jpeg,Tuborg Beer
/content/drive/MyDrive/IBeer.ai/beerClassification/Tuborg Beer/Tuborg Rebrand 'Festival'.jpeg,Tuborg Beer
/content/drive/MyDrive/IBeer.ai/beerClassification/Tuborg Beer/_ (16).jpeg,Tuborg Beer
/content/drive/MyDrive/IBeer.ai/beerClassification/Tuborg Beer/PRODUCT (1).jpeg,Tuborg Beer
/content/drive/MyDrive/IBeer.ai/beerClassification/Tuborg Beer/Tuborg (3).jpeg,Tuborg Beer
/content/drive/MyDrive/IBeer.ai/beerClassification/Tuborg Beer/TUBORG BEER üçæ_STRONG BEER PHOTOGRAPHY (1).jpeg,Tuborg Beer
/content/drive/MyDrive/IBeer.ai/beerClassification/Tuborg Beer/Beer üç∫ (3).jpeg,Tuborg Beer
"/content/drive/MyDrive/IBeer.ai/beerClassification/Tuborg Beer/Tootefotod, reklaamfotod, makrofotod - PIKSTRIK - Tuborg Green.jpeg",Tuborg Beer
/content/drive/MyDrive/IBeer.ai/beerClassification/Tuborg Beer/Tuborg Green (1).jpeg,Tuborg Beer
/content/drive/MyDrive/IBeer.ai/beerClassification/Tuborg Beer/Turner Duckworth (1).jpeg,Tuborg Beer
/content/drive/MyDrive/IBeer.ai/beerClassification/Tuborg Beer/_ (17).jpeg,Tuborg Beer
/content/drive/MyDrive/IBeer.ai/beerClassification/Tuborg Beer/_ (18).jpeg,Tuborg Beer
/content/drive/MyDrive/IBeer.ai/beerClassification/Tuborg Beer/_ (19).jpeg,Tuborg Beer
/content/drive/MyDrive/IBeer.ai/beerClassification/Tuborg Beer/_ (20).jpeg,Tuborg Beer
/content/drive/MyDrive/IBeer.ai/beerClassification/Tuborg Beer/_ (21).jpeg,Tuborg Beer
/content/drive/MyDrive/IBeer.ai/beerClassification/Tuborg Beer/_ (22).jpeg,Tuborg Beer
/content/drive/MyDrive/IBeer.ai/beerClassification/Tuborg Beer/_ (23).jpeg,Tuborg Beer
/content/drive/MyDrive/IBeer.ai/beerClassification/Tuborg Beer/_ (24).jpeg,Tuborg Beer
/content/drive/MyDrive/IBeer.ai/beerClassification/Tuborg Beer/_ (25).jpeg,Tuborg Beer
/content/drive/MyDrive/IBeer.ai/beerClassification/Tuborg Beer/f2c0d25d-33b5-484c-8f9f-03a10184d0d7.jpeg,Tuborg Beer
/content/drive/MyDrive/IBeer.ai/beerClassification/Tuborg Beer/_ (26).jpeg,Tuborg Beer
/content/drive/MyDrive/IBeer.ai/beerClassification/Tuborg Beer/_ (27).jpeg,Tuborg Beer
/content/drive/MyDrive/IBeer.ai/beerClassification/Tuborg Beer/_ (28).jpeg,Tuborg Beer
/content/drive/MyDrive/IBeer.ai/beerClassification/Tuborg Beer/_ (29).jpeg,Tuborg Beer
/content/drive/MyDrive/IBeer.ai/beerClassification/Tuborg Beer/_ (30).jpeg,Tuborg Beer
/content/drive/MyDrive/IBeer.ai/beerClassification/Tuborg Beer/_ (31).jpeg,Tuborg Beer
/content/drive/MyDrive/IBeer.ai/beerClassification/Tuborg Beer/_ copy.jpeg,Tuborg Beer
/content/drive/MyDrive/IBeer.ai/beerClassification/Tuborg Beer/_ (1) copy.jpeg,Tuborg Beer
/content/drive/MyDrive/IBeer.ai/beerClassification/Tuborg Beer/_ (2) copy.jpeg,Tuborg Beer
/content/drive/MyDrive/IBeer.ai/beerClassification/Tuborg Beer/_ (3) copy.jpeg,Tuborg Beer
/content/drive/MyDrive/IBeer.ai/beerClassification/Tuborg Beer/_ (4) copy.jpeg,Tuborg Beer
/content/drive/MyDrive/IBeer.ai/beerClassification/Tuborg Beer/_ (5) copy.jpeg,Tuborg Beer
/content/drive/MyDrive/IBeer.ai/beerClassification/Tuborg Beer/_ (6) copy.jpeg,Tuborg Beer
/content/drive/MyDrive/IBeer.ai/beerClassification/Tuborg Beer/Tuborg beer can.jpeg,Tuborg Beer
/content/drive/MyDrive/IBeer.ai/beerClassification/Tuborg Beer/Beer Tuborg #Beer copy.jpeg,Tuborg Beer
/content/drive/MyDrive/IBeer.ai/beerClassification/Tuborg Beer/Tuborg snap.jpeg,Tuborg Beer
/content/drive/MyDrive/IBeer.ai/beerClassification/Tuborg Beer/Beer snap.jpeg,Tuborg Beer
/content/drive/MyDrive/IBeer.ai/beerClassification/Tuborg Beer/Tuborg beer in hand_.jpeg,Tuborg Beer
/content/drive/MyDrive/IBeer.ai/beerClassification/Tuborg Beer/_ copy 2.jpeg,Tuborg Beer
/content/drive/MyDrive/IBeer.ai/beerClassification/Tuborg Beer/Beer üç∫ copy.jpeg,Tuborg Beer
/content/drive/MyDrive/IBeer.ai/beerClassification/Tuborg Beer/üç∫ copy.jpeg,Tuborg Beer
/content/drive/MyDrive/IBeer.ai/beerClassification/Tuborg Beer/üç∫ (1).jpeg,Tuborg Beer
/content/drive/MyDrive/IBeer.ai/beerClassification/Tuborg Beer/Beer.jpeg,Tuborg Beer
/content/drive/MyDrive/IBeer.ai/beerClassification/Tuborg Beer/Tuborg Beer üç∫ copy.jpeg,Tuborg Beer
/content/drive/MyDrive/IBeer.ai/beerClassification/Tuborg Beer/Tuborg Beer üç∫ (1) copy.jpeg,Tuborg Beer
/content/drive/MyDrive/IBeer.ai/beerClassification/Tuborg Beer/_ (1) copy 2.jpeg,Tuborg Beer
/content/drive/MyDrive/IBeer.ai/beerClassification/Tuborg Beer/_ (2) copy 2.jpeg,Tuborg Beer
/content/drive/MyDrive/IBeer.ai/beerClassification/Tuborg Beer/_ (3) copy 2.jpeg,Tuborg Beer
/content/drive/MyDrive/IBeer.ai/beerClassification/Tuborg Beer/_ (4) copy 2.jpeg,Tuborg Beer
